schids,ctyids,w2pla01,w2pla01a,w2pla01b,w2pla02,w2pla03,w2pla04,w2pla05,w2pla06,w2pla06a,w2pla07,w2pla08a,w2pla08b,w2pla0901,w2pla0902,w2pla0903,w2pla0904,w2pla0905,w2pla0906,w2pla0907,w2pla0908,w2pla0909,w2pla0910,w2pla10,w2pla11,w2pla12,w2pla13,w2pla14a,w2pla14b,w2pla15,w2pla16,w2pla1701,w2pla1702,w2pla1703,w2pla1704,w2pla1705,w2pla1706,w2pla1707,w2pla18,w2pla18b,w2pla19,w2pla20,w2pla2101,w2pla2102,w2pla2103,w2pla2104,w2pla2105,w2pla2106,w2pla2107,w2pla22,w2plb0101a,w2plb0101b,w2plb0102a,w2plb0102b,w2plb0103a,w2plb0103b,w2plb0201,w2plb0202,w2plb0203,w2plb03,w2plb0401,w2plb0402,w2plb0403,w2plb05,w2plb06,w2plb0701,w2plb0702,w2plb0703,w2plb0801,w2plb0802,w2plb0803,w2plb0901,w2plb0902,w2plb0903,w2plb0904,w2plb0905,w2plb0906,w2plb1001a,w2plb1001b,w2plb1001c,w2plb1002a,w2plb1002b,w2plb1002c,w2plb1003a,w2plb1003b,w2plb1003c,w2plb1101,w2plb1102,w2plb1103,w2plb1104,w2plb1105,w2plc0101a,w2plc0101b,w2plc0102,w2plc0103,w2plc0104,w2plc0105,w2plc0106,w2plc0201,w2plc0202,w2plc0203,w2plc0301,w2plc0302,w2plc0303,w2plc0401a,w2plc0402a,w2plc0403a,w2plc0403b,w2plc0404a,w2plc0404b,w2plc0405a,w2plc0405b,w2plc0501,w2plc0502,w2plc0503,w2plc0504,w2plc0505,w2plc0506,w2plc0601,w2plc0602,w2plc07,w2plc08,w2plc09,w2plc10,w2plc1101,w2plc1102,w2plc1103,w2plc1104,w2plc1105,w2plc12,w2plc12a,w2plc13,w2plc13a,w2plc14,w2pld0101,w2pld0102,w2pld0103,w2pld0104,w2pld0105,w2pld0106,w2pld0107,w2pld0108,w2pld0109,w2pld0200,w2pld0201,w2pld0202,w2pld0203,w2pld0204,w2pld0205,w2pld0206,w2pld0207,w2pld0208,w2pld0209,w2pld0301,w2pld0302,w2pld0303,w2pld0304,w2pld0305,w2pld0306,w2pld0401,w2pld0402,w2pld0403,w2pld0404,w2pld0405,w2pld0406,w2ple01,w2ple02a1,w2ple02a2,w2ple02b1,w2ple02b2,w2ple03a,w2ple03b,w2ple04,w2ple05,w2ple06a1,w2ple06a2,w2ple06b1,w2ple06b2,w2ple07,w2ple0800,w2ple0801,w2ple0802,w2ple0803,w2ple0804,w2ple09,w2ple1001,w2ple1002,w2ple1003,w2ple1004,w2ple1005,w2ple1006,w2ple1101,w2ple1102,w2ple1103,w2ple1104,w2ple1105,w2ple1106,w2ple1107,w2ple1108,w2ple12,w2ple13,w2ple14,w2ple1501,w2ple1502,w2ple1503,w2ple1504,w2ple16,w2ple17,w2ple1801,w2ple1802,w2ple1803,w2ple1804,w2ple1805,w2ple1900,w2ple1901,w2ple1902,w2ple1903,w2ple20,w2ple21,w2ple2201,w2ple2202,w2ple2203,w2ple2300,w2ple2301,w2ple2302,w2ple2303,w2ple24,w2ple2501,w2ple2502,w2ple2503,w2ple2504,w2ple2505,w2ple2506,w2ple2507,w2ple2601,w2ple2602,w2ple2603,w2ple2604,w2ple2605,w2ple2606,w2ple2607,w2ple2701,w2ple2702,w2ple2703,w2ple2704,w2ple2705,w2ple2706,w2ple2801,w2ple2802,w2ple2803,w2ple2804,w2ple2805,w2ple2806,w2ple2901a,w2ple2901b,w2ple2901c,w2ple2902a,w2ple2902b,w2ple2902c,w2ple2903a,w2ple2903b,w2ple2903c,w2ple2904a,w2ple2904b,w2ple2904c,w2ple2905a,w2ple2905b,w2ple2905c,w2plf01,w2plf02,w2plf03,w2plf04,w2plf05,w2plf06,w2plf07,w2plf08,w2plf08a,w2plf09,w2plf09a,w2plf10,w2plf10a,w2plf11,w2plf12,w2plf13,w2plf1401,w2plf1402,w2plf1403,w2plf1404,w2plf1405,w2plf1406,w2plf1407,w2plf1501,w2plf1502,w2plf1503,w2plf1504,w2plf1505,w2plf1506,w2plf1507,w2plf1601,w2plf1602,w2plf1603,w2plf1604,w2plf1605
1,1,1,,,2,4,2,2,1,300,3,0,0,2,3,2,2,2,2,2,2,2,1,29,35,4,334,2,35582,4358,1,0,,,0,0,0,0,2,,1,5,1,0,0,0,0,0,0,1,5,120,6,175,6,190,57.0,4.0,39.0,1,4,4,4,3,3,,,,,,,3,2,3,3,3,3,0,0,0,0,4,2,0,10,1,4,4,4,4,4,54,14,54,0,0,7,9.0,1,1,1,16,10,28,0,0,0,,40,40,14,14,0,9,22,14,9,0,,,1,4,1,1,0,0,0,0,1,1,,1,,1,0,0,0,0,0,0,0,0,0,1,0,0,0,0,0,0,0,0,0,1,0,0,0,0,0,1,0,0,0,0,0,5.0,7,30,17,0,9,40,2,2,,,,,,1,0,0,0,0,20,1,1,1,1,1,1,1,1,1,1,1,1,1,1,3,,,0,0,0,1,2,,1,0,0,0,0,0,0,1,1,2,2,1,1,1,0,1,1,1,1,0,0,1,1,1,0,0,0,0,0,1,1,1,0,0,1,0,0,0,0,3,4,3,4,4,4,,,,,,,,,,,,,,,,2,2013,2,1967,1,6,1,1,,2,,1,26,26,16,13,0,1,1,0,0,0,0,,,,,,,,1,0,1,0,1
2,1,1,,,1,5,1,2,2,,3,0,,3,3,3,3,3,3,3,3,3,3,33,40,4,180,2,1000,,3,40,40,20,,,,,1,,1,4,1,0,0,0,0,1,0,1,6,173,6,253,6,274,70.0,20.0,10.0,3,2,2,2,4,4,2,1,4,6,7,3,1,1,1,1,1,1,0,1,0,0,4,1,0,10,2,3,3,3,3,3,42,14,42,0,3,7,20.0,2,1,1,5,8,30,0,0,0,,32,32,10,10,0,,12,15,15,0,150000,100000,1,4,1,1,0,0,0,0,1,1,20,1,10,1,0,0,0,150,0,0,1500,0,0,1,0,0,0,0,0,0,0,0,0,1,0,0,0,0,0,1,0,0,0,0,0,5.0,7,30,17,0,8,40,2,,,,,,,0,0,0,1,0,30,1,1,1,1,3,1,1,1,1,1,1,1,1,1,2,1,1,1,0,1,0,2,,0,1,0,1,0,0,0,1,0,2,2,1,1,1,0,1,1,1,1,0,0,0,1,1,0,0,0,0,0,1,1,0,0,0,0,0,0,0,1,3,2,2,2,2,3,230,40,,150,90,,10,0,,,,,,,,3,2014,1,1986,3,6,1,1,2008,2,,1,6,7,3,2,0,1,0,0,0,1,1,0,0,1,1,0,0,0,1,0,1,0,0
3,1,1,,,1,1,2,2,2,,3,0,,3,2,2,2,2,2,1,2,1,1,12,25,4,30,2,,,1,,,,0,0,0,0,2,,1,2,1,1,0,1,0,1,0,2,2,29,4,66,2,27,3.0,0.0,,1,2,2,2,1,1,10,9,7,99,,,2,2,2,2,2,2,0,5,2,0,16,0,0,5,0,4,1,3,4,2,41,7,38,2,1,1,3.0,2,2,2,7,7,24,0,0,0,,35,,3,,4,0,12,11,7,0,100000,80000,2,4,1,1,1,0,0,0,0,1,6,1,2,2,0,0,0,0,0,0,10,0,0,1,0,0,0,0,0,0,0,0,0,1,0,0,0,0,0,1,0,0,0,0,0,5.0,7,20,17,0,7,45,2,,,,,,,1,0,0,0,0,95,2,1,2,1,1,1,1,2,1,1,1,1,1,1,3,2,,,,,,2,,1,1,0,0,0,0,0,1,0,1,2,2,,,0,0,1,0,1,0,0,1,1,1,0,0,0,0,0,1,1,0,0,1,1,0,0,0,0,2,2,2,2,3,2,2,38,,,3,,,1,,,24,,,0,,3,2012,2,1977,1,6,1,1,2011,2,,1,4,15,3,7,1,1,0,0,0,0,0,0,0,0,1,1,1,0,0,0,1,0,1
4,1,1,,,1,3,2,2,1,,3,,,,,,,,,,,1,1,45,30,4,57,2,,,1,,,,,,,,2,,2,4,1,1,0,1,1,1,1,2,5,152,6,152,6,124,60.0,,40.0,2,,,,2,2,8,10,9,,,,2,2,2,2,2,2,0,25,0,0,30,,0,40,,4,4,4,4,4,101,10,101,0,0,3,5.0,2,2,2,12,23,66,,,,,91,101,10,,,,69,27,15,,,,2,4,1,1,0,0,0,0,1,1,3,1,3,1,0,0,0,0,0,0,0,0,0,0,0,0,0,0,0,0,1,0,0,1,0,0,0,0,0,1,0,0,0,0,0,5.0,8,,16,30,7,45,2,2,,,,,2,1,0,0,0,0,100,3,2,2,1,4,2,1,1,2,1,1,1,1,1,1,1,2,0,0,1,0,2,5,0,1,0,0,1,0,0,0,1,1,2,2,2,2,0,1,1,1,1,0,0,0,1,1,0,0,0,0,0,1,1,0,0,1,0,0,0,0,0,4,2,3,2,3,2,210,,,109,,,41,,,60,,,0,,,3,2010,2,1970,3,5,1,1,1995,2,,1,13,23,5,8,0,1,0,0,0,0,1,0,1,0,1,0,1,1,1,0,1,0,1
5,2,1,,,1,4,2,2,1,300,2,40,6,3,2,2,2,2,2,1,1,1,1,21,40,2,80,2,10000,0,3,9,10,10,0,0,0,0,2,,5,6,1,0,0,1,1,0,0,2,4,790,6,220,4,170,95.0,3.0,2.0,2,4,4,4,1,2,2,4,3,9,10,7,2,2,2,3,2,1,0,4,1,0,5,2,0,9,3,3,4,4,4,4,70,25,70,0,2,2,10.0,2,2,2,15,40,60,0,0,0,0,105,70,6,1,0,2,20,60,25,0,5000,3000,1,4,1,1,0,0,0,0,1,1,3,1,2,2,0,0,0,0,0,60,7,225,0,0,0,0,0,0,0,1,0,0,0,1,0,1,0,0,0,1,0,1,0,0,0,5.0,7,30,16,30,6,40,2,2,,,,,,1,0,0,0,0,40,3,1,1,1,1,1,1,2,2,1,1,1,1,1,2,2,2,0,0,1,0,2,,0,1,1,1,0,0,0,1,0,2,2,1,1,1,0,1,1,1,1,0,0,1,1,1,1,0,0,0,1,1,1,1,0,0,0,0,1,0,0,3,2,2,3,2,2,140,20,,30,5,,70,6,,40,20,,0,0,,3,2012,1,1976,1,6,1,1,1996,1,4,1,12,19,10,4,1,1,0,0,0,1,0,0,0,0,1,1,1,0,1,0,1,0,1
6,2,1,,,2,3,2,2,1,400,3,0,,3,3,3,3,3,3,3,3,3,1,48,45,4,236,2,88768,,4,,,98,0,0,1,1,2,,,1,1,0,0,1,1,1,0,2,12,496,12,535,14,651,71.0,0.0,29.0,2,9,9,9,2,2,9,8,7,99,99,99,9,9,9,9,9,9,0,2,1,0,10,3,0,47,0,3,4,3,4,4,148,36,145,0,1,0,11.4,1,1,1,4,43,101,0,1,8,4,133,121,6,4,2,1,28,72,45,0,80000,60000,2,4,1,1,0,0,0,0,1,1,10,2,,2,0,0,0,460,0,70,7,0,,0,0,0,0,0,0,0,0,0,1,1,0,1,0,0,0,0,0,0,0,0,1,0.5,7,45,16,30,7,45,2,2,,,,,,1,0,0,0,0,,2,1,1,1,1,1,1,1,1,1,1,1,1,1,1,2,,0,0,1,0,2,,1,1,0,0,0,0,0,0,1,1,2,1,1,1,0,1,0,0,1,0,0,0,1,1,1,0,0,0,0,1,1,1,0,0,0,0,0,0,1,3,3,2,3,2,2,448,,9,190,,,102,,,156,,,0,,,1,2007,1,1955,1,6,1,1,1996,2,,1,8,35,8,29,0,0,1,0,1,0,1,1,1,1,1,1,1,1,1,0,1,0,1
7,2,1,,,1,4,1,1,1,400,3,0,,3,3,3,3,3,3,1,3,1,1,48,45,4,272,2,58116,1970,1,,,100,,,,,2,,3,6,1,1,0,1,1,1,1,2,10,408,8,325,9,318,61.0,0.0,39.0,1,4,4,2,3,4,9,10,7,7,10,8,2,1,2,3,3,3,,8,2,,16,3,,18,4,1,4,3,4,4,122,40,117,0,1,0,10.1,1,1,1,15,33,74,0,0,5,5,113,113,4,4,0,0,22,54,28,0,100000,80000,1,4,1,1,0,0,0,0,1,1,12,1,2,1,0,0,57,110,0,50,5,0,,1,0,0,0,0,0,0,0,0,0,1,0,1,0,0,0,1,0,1,0,0,0,5.0,7,30,16,35,7,5,2,,,,,,,1,0,0,0,0,10,1,2,1,1,1,1,1,1,1,1,1,1,1,1,4,1,,,,,,2,,1,1,0,0,0,0,0,0,1,1,2,1,1,1,0,1,1,1,1,0,0,0,1,1,0,0,0,0,0,1,1,0,0,1,0,0,0,1,0,3,2,2,2,2,2,178,63,,34,3,,91,17,,51,41,,2,2,,1,2007,1,1968,1,5,1,1,1989,1,3,1,15,25,8,15,1,1,0,0,0,0,0,1,1,0,0,1,0,1,1,1,1,0,1
8,2,1,,,1,3,1,2,1,300,3,0,0,3,3,3,3,3,3,1,3,2,1,22,45,3,94,2,24690,2216,1,,,100,,,,,2,,2,6,1,0,0,0,0,1,0,2,4,151,4,152,4,143,73.0,,27.0,2,3,3,2,2,2,7,8,10,9,10,7,3,2,3,2,3,2,,,,,,,,,,2,4,2,4,4,61,23,60,1,1,4,9.0,1,1,1,6,17,38,,,1,1,50,40,10,8,,1,18,24,18,0,132000,126000,1,4,1,1,0,0,0,0,1,1,30,2,,1,,,,,,,600,,,1,0,0,0,0,0,0,0,0,0,1,0,1,0,0,0,1,0,1,0,0,0,5.0,7,30,16,30,7,45,2,,,,,,,1,0,0,0,0,30,2,3,1,1,1,1,1,1,1,1,1,1,1,1,1,1,1,0,0,1,0,2,,1,1,0,0,0,0,0,1,0,2,2,1,1,1,0,1,1,1,1,0,0,1,1,1,1,0,0,0,0,1,1,0,0,1,0,1,0,0,0,3,3,2,3,2,2,139,30,,14,3,,80,5,,27,20,,18,2,,1,2013,1,1967,1,7,1,1,,2,,1,25,27,2,9,1,1,1,0,0,0,0,0,0,0,1,1,0,1,1,0,0,0,1
9,3,1,,,2,5,2,2,1,200,3,0,,3,3,3,3,3,3,1,3,1,1,32,63,4,360,2,63478,,,,,,,,,,2,,1,4,1,0,0,1,0,0,0,1,20,1059,20,1200,20,1167,100.0,,,2,,,,3,3,,,,,,,,,,,,,0,0,0,0,3,1,0,19,3,2,3,3,3,3,313,65,,0,8,0,12.7,,,,,,,,,,,,,,,,,,,,,,,,,,,,,,,,,,,,,0,0,0,0,0,0,0,0,,1,0,0,0,0,0,0,0,0,0,,,,,,,,,,,,,5.0,7,30,17,25,8,40,2,2,,,,,,1,0,0,0,0,,2,1,1,1,1,1,1,1,1,1,1,1,1,1,3,2,,,,,,2,,1,0,0,0,0,0,0,0,1,1,2,1,1,1,0,1,1,0,1,0,0,1,1,1,1,0,0,0,0,1,1,1,0,1,0,0,0,0,0,2,,2,2,2,,1100,,,280,,,790,,,30,,,0,,,2,2010,1,1978,1,7,1,1,1998,2,,1,12,17,17,7,0,0,0,1,0,0,1,1,1,0,0,0,0,0,1,1,1,0,1
10,3,1,,,2,4,2,2,1,250,3,0,0,2,2,2,2,1,2,1,2,1,1,32,60,4,180,2,63200,108,4,,,,,,,,2,,1,4,1,0,0,1,1,0,0,2,8,372,12,607,12,593,100.0,0.0,0.0,1,9,9,9,3,3,6,7,8,99,99,99,9,9,9,9,9,9,0,0,4,0,2,6,0,19,8,4,4,4,4,4,183,31,178,0,1,2,8.6,1,1,1,3,26,154,,,5,5,176,176,2,2,3,0,25,1,54,0,48000,33600,2,4,1,2,0,0,0,0,1,1,4,2,,2,0,100,0,0,0,0,0,0,0,1,0,0,0,0,0,0,0,0,0,0,0,0,0,1,0,0,0,0,0,0,1,5.0,8,0,17,30,8,40,2,,,,,,,1,0,0,0,0,20,2,2,2,1,2,2,2,1,2,1,1,2,1,1,3,1,1,0,0,1,0,2,,1,1,0,0,0,1,0,0,0,2,2,1,1,1,0,1,1,0,1,0,0,1,1,1,1,1,0,0,0,1,1,1,1,0,0,0,0,0,1,3,3,2,2,2,2,607,0,,230,0,,357,0,,15,0,,0,0,,2,2003,2,1963,1,5,1,1,1997,2,,1,15,33,21,18,1,1,0,0,0,1,0,1,1,1,1,1,1,1,1,1,1,0,1
11,3,1,,,2,4,2,2,1,,3,0,0,2,2,2,2,1,1,1,2,1,1,30,60,4,138,2,700000,885,4,60,28,12,,,,,2,,1,2,1,0,0,0,1,1,0,2,8,420,11,710,11,700,100.0,0.0,0.0,1,9,9,9,4,2,6,7,2,,,,9,9,9,9,9,9,0,1,8,0,2,5,0,0,0,4,4,4,4,4,183,38,183,0,3,2,10.0,1,1,1,4,7,179,0,0,5,3,176,160,2,2,3,0,23,101,56,0,500000,300000,2,4,1,2,0,0,0,0,1,1,4,1,2,2,0,,0,170,0,0,0,0,0,1,0,0,0,0,0,0,0,0,0,0,0,0,0,1,0,0,0,0,0,0,1,5.0,7,50,17,30,8,40,2,2,,,,,,1,0,0,0,0,20,2,1,2,1,2,1,2,2,2,1,2,1,1,1,3,2,,,,,,2,5,1,1,0,0,0,0,0,0,1,2,2,1,2,1,0,1,1,0,1,0,0,1,1,1,1,0,0,0,1,1,1,1,0,0,0,0,0,0,1,3,1,1,2,1,2,596,,9,150,,9,337,,9,87,,9,22,,9,2,2012,2,1968,1,5,1,1,,2,,1,16,25,4,11,1,1,1,1,1,1,1,1,1,0,0,1,1,1,1,0,1,0,1
12,3,1,,,1,3,2,2,1,200,3,0,0,3,3,3,2,1,2,1,2,1,1,12,45,4,54,2,21769,880,,,,100,,,,,2,,3,7,1,0,0,1,0,1,0,2,4,197,4,165,4,110,72.0,22.0,6.0,3,2,3,1,1,3,9,7,10,7,9,10,2,1,3,2,2,2,0,0,2,0,0,1,0,0,0,3,3,3,3,3,62,18,62,0,0,4,10.0,2,2,2,7,15,40,0,0,7,7,53,53,2,2,2,2,9,32,17,,50000,40000,2,4,1,2,0,0,0,0,1,1,12,1,1,1,0,0,0,0,0,0,0,0,0,,,,,,,,,,,1,0,0,0,0,0,1,0,0,0,0,0,5.0,7,30,16,30,7,40,2,,,,,,,1,0,0,0,0,20,1,2,1,1,2,3,1,1,1,1,1,1,1,1,1,1,1,0,0,1,0,2,4,1,1,0,0,0,0,0,0,1,2,2,1,1,1,0,1,1,0,2,0,0,0,1,1,0,0,0,0,0,1,1,0,0,1,0,0,0,0,0,3,1,2,3,1,1,64,20,,10,,9,35,9,,14,7,,5,4,,2,2011,1,1974,1,5,1,1,1993,2,,1,18,23,23,12,1,1,0,0,0,0,0,1,0,0,1,0,0,1,1,1,1,0,0
13,4,1,,,2,4,1,2,1,250,1,,8,3,3,3,3,3,3,3,3,3,1,24,44,4,82,2,,1020,4,20,20,60,0,0,0,0,2,,4,7,1,0,0,1,0,1,0,2,4,160,4,182,5,,100.0,0.0,0.0,3,9,9,9,2,2,9,7,6,99,99,99,9,9,9,9,9,9,0,1,0,8,0,2,10,0,0,4,4,3,4,4,58,26,55,58,1,0,10.0,2,2,2,6,28,24,0,0,38,,20,,0,,0,10,27,20,1,0,,2000,2,3,1,2,0,0,0,0,1,1,25,1,3,1,0,0,68,0,0,38,220,0,,0,0,0,0,0,0,0,0,0,1,1,0,1,0,0,0,0,0,0,0,0,1,5.0,7,30,20,40,4,45,1,2,19,55,20,40,1,1,0,0,0,0,30,3,3,3,3,4,1,2,2,1,1,2,1,1,1,3,1,1,1,1,1,0,1,5,1,1,0,0,0,0,0,1,0,1,2,2,1,2,0,1,1,1,1,0,0,0,1,1,0,1,0,0,0,1,1,0,1,1,0,0,0,0,0,2,2,3,3,2,2,,,9,,,9,,,9,,,9,,,9,2,2013,1,1978,1,4,1,1,2007,2,,1,14,16,3,2,1,1,0,0,1,0,1,0,0,0,1,0,1,0,1,0,1,0,1
14,4,1,,,2,5,2,2,2,,2,17,10,1,1,1,1,1,1,2,2,1,1,32,50,4,150,1,,1172,4,100,0,0,0,0,0,0,2,,1,2,1,0,0,1,1,0,0,2,8,417,9,458,9,448,100.0,0.0,0.0,3,9,9,9,3,3,7,6,4,99,99,99,9,9,9,9,9,9,4,0,3,5,0,3,5,0,7,3,3,2,3,3,120,36,113,20,1,2,11.375,2,2,1,12,36,72,0,7,12,12,101,101,0,0,0,15,51,46,8,0,45000,42000,2,4,1,2,0,1,0,0,0,1,5,1,3,2,0,0,235,83,0,38,1100,0,0,1,0,0,0,0,0,0,0,0,0,1,0,1,0,0,0,0,0,0,0,0,1,5.0,7,30,20,30,9,45,1,1,19,0,20,30,1,1,0,0,0,0,3,1,2,2,1,3,2,1,2,1,1,1,1,2,2,3,1,1,0,0,1,0,1,4,1,0,0,0,0,0,0,1,0,1,2,1,1,1,0,1,0,0,1,0,0,0,1,1,1,0,0,0,0,1,1,1,0,0,0,0,1,0,0,2,3,1,2,2,2,423,,9,89,,9,267,,9,85,,9,,,,1,2012,1,1972,1,5,1,1,1996,2,,1,12,23,3,13,0,1,0,0,0,1,0,0,1,1,0,0,0,0,0,0,1,0,1
15,4,1,,,1,4,2,2,1,300,2,30,8,3,3,2,2,2,2,2,2,1,1,30,52,4,160,2,40000,480,1,100,0,0,0,0,0,0,2,,3,4,1,0,0,1,1,0,0,2,8,390,9,450,9,420,,2.0,0.0,1,2,2,1,2,2,9,10,7,99,99,99,2,2,2,2,2,2,3,0,2,13,5,5,23,10,10,4,2,2,3,4,132,48,125,130,1,1,10.0,2,1,2,5,25,102,0,0,42,32,90,80,0,0,,4,70,52,4,,43000,35000,2,4,2,2,0,0,1,1,0,1,5,2,,2,0,0,180,80,0,38,1100,0,,1,0,0,0,0,0,0,0,0,0,1,0,0,0,0,0,1,0,0,0,0,0,5.0,7,30,20,30,10,45,1,1,17,20,20,30,1,1,0,0,0,0,30,3,2,2,3,1,1,1,2,1,1,1,1,1,1,1,1,1,0,0,1,0,2,,0,1,0,0,0,1,0,0,0,2,2,2,2,2,0,1,1,0,2,0,0,0,1,1,0,0,0,0,0,1,1,0,0,1,0,1,0,0,0,2,3,2,2,2,2,419,1,,80,,,280,,,40,,,,,,2,2013,1,1977,1,5,1,1,1999,2,,1,17,19,1,1,0,1,0,0,1,1,0,0,1,0,0,0,0,1,0,1,1,0,1
16,4,1,,,2,2,2,2,1,200,2,112,8,2,2,2,1,1,2,2,2,1,1,24,50,4,30,2,20000,,1,,,,,,,,2,,5,7,,,,,,,,2,5,230,5,250,4,170,,2.0,0.0,2,3,3,3,2,2,9,8,,9,,,9,9,9,9,9,9,,,,,,,,,,4,3,1,3,2,73,25,73,0,1,0,16.0,3,3,3,0,0,73,0,1,72,0,0,0,0,0,0,0,45,25,3,0,40000,25000,2,3,1,2,0,0,0,0,1,1,10,2,,2,0,0,170,0,0,38,1000,0,,1,0,0,0,0,0,0,0,0,0,1,0,1,0,0,0,1,0,1,0,0,0,5.0,7,30,20,30,6,45,1,1,15,0,20,30,1,1,0,0,0,0,30,2,3,2,2,1,1,1,1,1,1,1,1,1,1,2,1,1,1,0,0,0,1,4,1,1,0,0,0,1,0,0,0,2,2,1,1,1,0,1,1,1,1,0,1,1,1,1,0,0,0,0,0,1,1,0,0,1,0,1,0,0,0,1,3,1,2,1,1,200,3,,0,0,,86,2,,100,,,14,,,1,2012,1,1964,1,5,1,1,1982,2,,1,25,31,3,6,0,1,0,0,0,0,1,1,0,0,1,1,0,0,1,0,1,1,0
17,5,1,,,1,5,2,2,1,200,3,0,0,2,3,2,3,1,3,1,3,1,1,36,60,4,180,2,72000,1150,1,100,0,0,0,0,0,0,2,,1,4,1,0,0,1,1,1,0,2,12,699,12,620,12,567,78.0,14.0,8.0,2,3,3,2,4,4,6,7,8,7,6,8,1,1,1,1,1,1,0,7,27,0,6,5,0,7,3,2,4,4,4,4,140,78,138,0,2,0,13.0,3,3,3,0,15,125,0,0,2,0,138,138,2,2,0,0,1,41,98,0,90000,91000,2,4,1,1,0,0,0,1,0,1,20,2,,2,0,0,140,0,110,150,7,0,,1,0,0,0,0,0,0,0,0,0,1,0,0,0,0,0,1,0,0,0,0,0,0.5,7,30,4,30,7,40,2,2,,,,,,0,0,0,1,0,10,1,1,1,1,1,1,1,1,1,1,1,1,1,1,3,1,1,0,0,1,0,2,,1,1,0,0,0,0,0,0,1,2,2,1,1,1,0,1,0,0,1,0,0,0,1,0,0,0,0,0,0,0,1,0,0,0,0,0,0,0,1,3,2,2,1,2,1,486,61,,280,,,149,,,118,,,0,,,1,2011,2,1970,1,5,1,1,1992,2,,1,5,26,5,11,0,1,0,0,0,1,1,1,1,1,1,0,0,0,1,1,1,0,1
18,5,1,,,1,4,2,2,1,200,3,0,0,3,3,3,3,3,3,3,3,1,1,72,40,4,85,2,30000,1150,1,0,100,0,0,0,0,0,1,2014,4,7,1,0,0,1,0,0,0,2,4,165,6,151,6,128,65.0,1.0,34.0,2,3,3,2,3,3,9,7,8,9,7,8,2,2,1,2,2,2,0,6,4,0,7,3,0,5,1,4,4,4,3,4,69,30,69,8,3,8,7.0,2,2,3,9,11,49,0,0,3,3,66,66,0,0,8,0,3,15,43,0,80000,72000,1,4,1,2,0,0,0,0,1,1,11,1,1,2,0,0,100,0,110,120,0,0,0,1,0,0,0,0,0,0,0,0,0,1,0,0,1,0,0,1,0,0,1,0,0,5.0,7,50,17,0,7,40,2,,,,,,,1,0,0,0,0,10,1,2,1,1,1,2,1,1,1,1,1,1,1,1,1,1,1,0,0,1,0,2,,1,1,0,0,0,0,0,0,1,1,2,1,1,1,0,1,1,1,1,0,0,0,1,1,1,0,0,0,0,1,1,0,0,1,1,0,1,0,0,3,4,1,3,2,3,127,53,,31,12,,43,15,,45,21,,8,5,,2,2012,1,1967,1,5,1,1,1996,2,,1,23,26,26,3,0,1,0,1,0,0,0,1,1,0,1,0,0,0,1,1,1,0,1
19,5,1,,,1,2,2,2,1,250,3,0,0,3,3,3,3,1,2,2,3,1,1,24,45,4,100,2,30000,1150,1,0,0,100,0,0,0,0,1,2015,5,7,1,0,0,1,0,0,0,2,3,106,3,126,3,121,69.0,6.0,25.0,1,3,3,2,1,1,9,8,10,9,8,10,1,1,1,1,1,1,0,1,4,1,1,2,1,0,0,4,4,4,2,3,55,20,55,1,1,0,6.0,1,1,1,0,12,43,0,0,1,1,54,54,0,0,1,0,3,11,40,0,86400,74400,1,4,1,2,0,0,0,0,1,1,18,1,2,1,0,0,105,0,0,100,0,0,100,1,0,0,0,0,0,0,0,0,0,1,0,1,1,0,0,1,0,1,1,0,0,5.0,8,0,17,0,7,40,2,,,,,,,0,0,0,0,1,25,2,2,1,1,1,2,1,1,1,1,1,1,1,1,3,1,1,0,0,1,0,2,,1,1,0,0,0,0,0,0,1,2,2,1,1,1,0,1,1,0,1,0,0,0,1,1,1,0,0,0,0,1,1,1,0,1,0,0,1,1,0,3,4,3,,3,2,106,37,,26,3,,9,7,,71,25,,0,2,,1,2013,1,1964,1,5,1,1,1990,2,,1,27,30,2,10,0,0,0,0,0,1,1,1,1,1,1,0,1,1,1,1,1,0,1
20,5,1,,,1,4,2,2,1,200,3,0,,3,3,3,3,3,3,3,3,1,1,30,50,4,257,2,66605,1150,,,,100,,,,,2,,3,2,1,0,0,1,1,1,0,2,10,,10,,10,,,,,2,3,3,3,2,2,8,7,10,7,8,10,1,1,1,1,1,1,0,,,0,,,0,,,2,4,4,4,4,118,38,118,0,1,0,12.5,1,1,1,3,6,109,0,0,0,0,117,114,1,0,0,0,3,18,97,,84000,72000,1,4,1,1,0,0,0,0,1,1,10,1,4,2,0,0,120,0,0,150,560,,,0,0,0,0,0,0,0,0,0,1,1,0,0,0,0,0,1,0,0,0,0,0,5.0,7,50,17,0,7,40,,,,,,,,0,0,0,1,0,8,1,1,1,1,2,1,2,2,1,1,,1,1,1,1,1,1,0,0,1,0,2,,1,1,0,0,0,0,0,1,0,1,2,1,1,1,0,1,1,1,1,0,0,1,1,1,0,0,0,0,0,1,1,1,0,1,1,0,0,0,0,3,4,4,4,3,2,,,,,,,,,,,,,,,,1,2011,1,1964,1,6,1,1,,2,,1,,,4,20,1,1,0,0,0,1,1,1,1,1,1,0,0,0,1,0,1,0,1
21,6,1,,,2,4,2,2,1,200,3,0,0,2,2,2,1,1,2,1,2,1,1,26,62,4,40,2,9941,504,1,0,0,100,0,0,0,0,2,,,2,1,0,0,1,1,0,0,2,7,419,7,442,6,387,,1.0,,2,3,3,3,3,3,6,7,9,7,9,10,2,2,1,2,2,2,,6,3,,5,4,,0,0,2,3,3,3,4,105,31,102,0,1,2,15.7,3,2,1,4,3,96,0,0,28,23,75,63,0,,3,,17,53,32,0,50000,40000,2,4,1,1,0,0,0,0,1,1,10,1,2,2,0,0,,86,0,50,0,0,0,0,0,0,0,0,0,0,0,0,1,1,0,0,0,0,0,1,0,0,0,0,0,5.0,7,20,16,0,8,45,2,2,0,,0,,2,1,0,0,0,0,15,2,1,1,1,3,1,2,2,2,2,1,1,1,1,3,1,3,0,0,1,0,2,,1,0,0,0,0,0,0,0,1,2,2,1,1,1,0,1,0,0,0,0,0,1,1,1,0,0,0,0,0,1,1,1,0,0,0,0,1,1,0,2,2,3,3,3,2,352,3,,161,1,,49,,,112,1,,30,1,,1,2013,2,1967,1,5,1,1,1996,1,17,1,10,28,2,2,1,0,0,0,0,0,1,0,0,0,1,0,1,1,1,0,1,0,1
22,6,1,,,2,4,2,2,2,,3,11,8,3,3,3,3,2,2,2,2,1,1,8,40,1,40,2,14000,50,1,0,0,100,0,0,0,0,2,,5,7,1,0,0,1,1,1,0,2,2,60,2,58,2,58,100.0,0.0,0.0,3,9,9,9,1,2,9,4,10,,,99,9,9,9,9,9,9,0,1,1,0,1,2,0,0,0,4,2,3,1,4,32,17,32,0,0,0,8.0,2,2,2,5,3,24,0,0,7,3,25,19,0,0,0,0,9,15,8,0,45000,38000,2,4,1,1,0,0,0,0,1,1,11,1,4,1,0,0,1100,92,0,30,0,0,,1,0,0,0,0,0,0,0,0,0,1,0,1,0,0,0,0,0,0,0,0,1,5.0,7,0,15,15,7,45,2,,,,,,,1,0,0,0,0,65,3,2,1,3,1,4,1,1,1,1,1,1,1,1,3,2,,,,,,2,5,0,1,0,0,0,1,0,0,0,2,2,2,2,2,0,1,1,1,1,0,0,1,1,1,1,0,0,0,0,1,1,1,0,1,0,1,1,0,0,3,4,3,3,2,1,54,,,18,,,18,,,11,,,7,,,1,2005,1,1967,1,5,1,1,,2,,1,20,29,27,9,0,1,0,0,0,1,1,1,1,0,1,0,1,1,1,1,1,1,1
23,6,1,,,1,5,2,2,1,200,3,0,0,3,3,2,3,2,3,2,3,1,1,39,55,2,60,2,5000,760,1,100,,,,,,,2,,1,4,1,1,0,1,0,0,0,2,8,448,10,496,8,481,,3.0,,2,3,3,3,5,5,2,9,6,7,9,8,1,1,1,1,1,1,2,17,21,8,11,13,16,0,0,4,4,4,2,4,133,34,133,0,3,1,14.0,2,2,2,0,3,130,0,0,42,42,91,91,0,0,133,0,30,71,32,0,38000,34000,2,4,1,2,0,0,0,0,1,1,8,1,16,2,0,0,116,0,0,100,0,0,,1,0,0,0,0,0,0,0,0,0,0,0,0,0,1,0,0,0,0,0,1,0,5.0,7,10,16,0,8,45,2,2,,,,,,1,0,0,0,0,20,1,2,1,1,1,1,1,1,2,1,1,1,1,1,3,1,1,0,0,1,0,2,,1,1,1,0,0,0,0,1,0,1,2,1,1,1,0,1,1,1,0,0,0,1,1,0,1,0,0,0,1,1,1,1,0,0,0,0,1,0,0,3,3,4,4,4,3,500,,9,223,,9,76,,9,167,,9,34,,9,1,2013,1,1969,1,5,1,1,1996,2,,1,24,26,15,17,0,0,0,1,0,1,1,1,1,1,1,1,1,1,1,1,1,0,1
24,6,1,,,1,4,2,2,2,,3,0,0,2,2,1,2,2,2,1,2,1,1,30,50,4,30,1,,760,3,100,,,,,,,2,,2,3,1,0,0,1,1,1,0,3,6,349,6,290,6,286,35.0,45.0,20.0,2,3,3,3,2,2,9,8,6,10,9,6,3,3,2,3,3,3,0,7,4,,4,6,0,0,0,4,2,3,3,4,,36,97,0,2,0,13.0,2,3,1,0,7,90,0,0,3,2,94,85,0,0,0,0,15,44,38,0,50000,36000,2,4,1,1,0,0,0,0,1,1,2,1,2,1,0,0,102,0,0,0,0,0,,1,0,0,0,0,0,0,0,0,0,1,0,0,0,0,0,1,0,0,0,0,0,5.0,7,0,16,0,8,45,2,,,,,,,1,0,0,0,0,30,3,3,3,3,2,2,1,2,2,1,1,2,1,1,1,1,1,0,0,1,0,2,,1,1,0,0,0,1,0,0,0,1,2,1,3,1,0,1,0,0,0,0,0,1,1,1,0,1,0,0,0,1,1,0,1,1,0,0,1,0,0,2,3,3,2,2,2,280,22,,122,0,,160,20,,0,0,,0,0,,2,2010,2,1978,1,6,1,1,2002,2,,1,13,13,13,4,1,1,1,1,0,1,0,1,1,0,0,0,0,0,1,0,1,0,1
25,7,1,,,1,4,2,2,2,,3,0,0,2,3,3,3,2,2,1,2,1,1,21,30,4,80,2,25000,4000,1,,,100,,,,,2,,1,4,1,0,0,0,0,1,0,2,5,130,4,118,4,87,58.0,,42.0,2,2,2,2,3,3,6,10,8,10,7,6,1,2,1,1,1,1,0,5,2,0,8,2,0,0,0,2,3,3,3,4,55,9,55,0,0,3,,2,2,2,13,3,39,0,0,0,0,52,50,3,2,3,0,18,24,10,0,120000,100000,2,4,1,1,0,0,0,0,1,1,1,2,,2,0,0,0,360,0,130,900,0,0,1,0,0,0,0,0,0,0,0,0,0,0,1,0,0,0,0,0,1,0,0,0,5.0,7,30,17,0,7,40,2,2,,,,,,1,0,0,0,0,25,2,2,1,1,4,1,1,3,1,2,1,1,1,1,3,1,2,0,0,1,0,2,,1,0,0,0,0,1,0,0,0,1,2,2,2,2,0,1,1,1,1,0,0,1,0,1,0,0,0,0,1,0,1,0,0,1,1,0,0,0,0,2,1,1,1,2,2,71,,,30,,,56,,,15,,,,,,1,2004,1,1969,1,6,1,1,1991,2,,1,8,23,15,10,1,0,1,1,1,0,1,1,0,0,0,0,0,1,0,0,0,0,1
26,7,1,,,2,3,2,2,2,,3,0,,3,3,3,3,3,3,1,1,1,1,45,30,4,390,2,74039,3800,1,,,100,0,0,0,,2,,1,4,1,0,0,0,0,1,0,2,5,100,6,96,6,112,59.0,13.0,28.0,1,2,2,1,3,3,6,5,7,6,7,10,1,1,1,1,1,1,,11,0,,10,1,,13,0,2,3,3,4,4,71,16,71,0,0,2,6.5,3,1,1,6,7,58,0,0,2,1,65,45,4,2,0,0,14,40,17,0,137655,113584,1,4,1,1,0,0,0,0,1,1,58,1,2,1,0,0,0,0,0,90,800,0,,1,0,0,0,0,0,0,0,0,0,1,1,1,0,0,0,1,1,1,0,0,0,5.0,7,40,16,15,8,40,2,,,,,,,0,0,0,1,0,25,1,2,1,2,1,1,1,1,1,1,1,1,1,1,3,1,1,0,0,1,0,2,,1,0,1,1,0,0,0,1,0,1,2,1,1,1,0,1,0,0,1,0,0,0,1,1,1,0,0,0,0,1,1,1,0,1,1,0,0,0,0,3,2,2,3,3,3,116,1,,52,0,,12,1,,52,,,0,,,1,2006,1,1965,2,6,1,1,1986,2,,1,16,28,12,12,0,1,0,0,0,0,1,0,1,0,0,1,1,0,1,0,1,0,1
27,7,1,,,2,4,2,2,1,200,3,0,0,3,3,3,3,3,3,3,3,1,1,24,30,4,120,2,53200,4000,1,0,0,100,0,0,0,0,2,,1,5,1,0,0,0,0,1,0,2,6,202,6,150,6,131,57.0,7.0,36.0,2,3,3,3,2,2,7,10,6,6,7,8,2,2,2,2,2,2,0,12,0,0,18,0,0,11,0,2,3,2,3,3,80,19,80,0,3,3,8.5375,2,1,1,7,3,70,0,0,0,0,79,79,1,1,0,0,13,54,13,0,103002,88060,2,4,1,1,0,0,0,0,1,1,,1,,2,0,0,0,0,0,90,1000,0,0,1,0,0,0,0,0,0,0,0,0,1,0,1,0,0,0,1,0,0,0,0,0,5.0,8,0,16,15,8,40,2,2,,,,,,0,0,0,0,1,34,2,1,1,1,1,1,1,1,1,1,1,1,1,1,3,1,1,0,0,1,0,2,,1,0,0,0,1,0,0,1,0,1,2,1,1,1,0,1,1,1,1,0,0,0,1,1,1,0,0,0,0,1,1,1,0,0,0,0,0,0,1,3,3,3,3,3,4,119,9,,54,3,,31,1,,34,5,,0,0,,4,2008,2,1973,1,5,1,1,1993,2,,1,14,21,7,7,0,1,0,0,0,1,0,1,1,0,1,0,0,0,1,0,1,0,1
28,7,1,,,1,5,2,2,2,,3,,,3,3,3,3,3,3,1,2,1,1,31,35,4,212,2,50795,3500,1,0,0,100,0,0,0,0,2,,1,1,1,0,0,1,0,1,0,2,8,245,7,234,8,234,85.0,10.0,5.0,2,3,3,3,4,4,6,7,4,7,6,10,2,2,2,2,2,2,1,0,2,4,2,1,5,4,0,2,4,4,3,4,,19,99,3,3,12,9.7,1,1,1,29,16,54,0,0,0,0,84,69,15,9,9,0,25,48,17,0,109470,100955,1,4,1,1,0,0,0,0,1,1,,1,,2,0,0,0,0,0,0,900,0,,1,0,0,0,0,0,0,0,0,0,1,0,1,0,0,0,1,0,1,0,0,0,5.0,19,30,16,30,8,40,2,,,,,,,0,0,0,1,0,10,1,2,1,1,3,1,1,1,1,1,1,1,1,1,3,2,,,,,,2,,1,0,0,0,0,0,1,1,0,1,2,1,1,1,0,1,1,0,1,0,0,1,1,1,0,0,0,0,1,1,1,0,0,0,0,0,0,1,0,3,2,2,2,3,3,127,84,,81,56,,19,12,,19,8,,,,,2,2014,1,1979,1,7,1,1,2001,1,6,1,7,13,1,1,0,0,1,0,0,0,1,1,1,0,0,0,0,0,1,1,1,0,1
29,8,1,,,2,4,2,2,1,250,3,0,,3,3,3,3,3,3,3,3,3,1,36,40,4,263,2,66971,1800,4,,,100,,,,,2,,1,5,1,0,0,0,0,1,0,2,4,105,4,99,4,90,48.0,0.0,52.0,2,3,3,4,4,4,3,7,6,99,99,99,9,9,9,9,9,9,,22,1,,15,1,,29,2,2,3,3,3,4,53,15,53,1,0,2,7.8,2,2,2,4,6,43,0,0,0,0,47,45,6,6,2,0,11,22,18,0,110000,980000,1,4,1,1,0,0,0,0,1,1,20,1,8,1,0,0,0,350,100,70,2200,0,0,1,0,0,0,0,0,0,0,0,0,0,0,0,1,0,0,0,0,0,0,0,1,5.0,8,0,17,0,7,40,2,2,,,,,,1,0,0,0,0,10,1,1,1,1,1,1,1,1,1,1,1,1,1,1,1,1,1,0,1,0,0,2,,1,0,0,1,0,0,0,0,1,1,2,1,1,1,0,1,1,1,1,0,0,0,1,1,0,0,0,0,0,1,1,0,0,0,0,0,0,0,1,3,4,2,3,2,3,50,,9,10,,9,26,,9,14,,9,0,,9,1,2010,1,1968,1,6,1,1,1998,2,,1,20,25,5,8,0,1,0,0,1,0,1,1,1,1,0,1,0,0,1,1,1,0,1
30,8,1,,,2,4,2,2,1,250,3,0,0,3,3,2,2,2,3,2,2,2,1,38,40,4,298,2,62973,2590,1,,,100,,,,,2,,1,4,1,0,0,1,0,1,0,2,4,61,4,129,4,113,56.0,11.0,33.0,2,2,2,1,2,3,6,5,7,6,7,10,1,1,1,1,1,1,0,0,0,0,0,0,0,0,0,2,3,3,3,4,50,13,50,0,1,4,8.0,1,1,1,1,11,45,57,0,1,0,53,47,3,2,0,0,15,33,9,0,103000,92000,1,4,1,1,0,0,0,0,1,1,4,1,1,1,0,0,0,625,100,170,900,0,,1,0,0,0,0,0,0,0,0,0,1,1,1,0,0,0,1,0,1,0,0,0,5.0,7,30,16,45,7,40,2,,,,,,,0,0,0,0,1,5,3,1,1,2,1,1,1,1,1,1,1,1,1,1,1,1,3,0,0,1,0,,,1,1,0,0,0,0,0,1,0,2,2,1,1,1,0,1,0,0,1,0,0,0,1,1,1,0,0,0,0,1,1,1,0,1,1,0,0,1,0,3,1,2,1,3,3,81,22,,31,5,,32,8,,18,9,,0,0,,1,2013,2,1972,1,6,1,1,1995,2,,1,20,20,1,12,1,1,1,0,0,0,0,0,1,0,0,0,0,1,1,0,1,0,0
31,8,1,,,1,3,2,2,1,250,3,0,,3,3,3,3,3,3,1,3,2,1,60,40,4,140,2,72000,2150,1,,,100,0,0,0,0,2,,3,4,1,0,0,0,0,1,0,2,5,214,5,160,4,136,53.0,6.0,41.0,2,1,1,1,2,2,8,7,10,7,8,10,1,1,2,2,2,2,0,16,3,0,33,3,0,19,0,3,3,3,3,4,62,24,62,0,0,3,11.0,2,2,2,6,10,42,,,,,53,,9,,4,0,17,35,6,,,,1,4,1,1,0,0,0,0,1,1,,1,2,2,0,0,0,0,100,80,250,0,,1,0,0,0,0,0,0,0,0,0,1,0,0,0,0,0,1,0,0,0,0,0,5.0,7,30,16,30,7,40,2,2,,,,,,1,0,0,0,0,80,3,2,1,1,2,1,1,2,1,1,1,1,1,1,2,1,1,0,0,1,0,2,5,1,1,0,0,0,0,0,0,1,1,2,1,1,1,0,1,1,0,1,0,0,0,1,1,0,0,0,0,0,1,1,0,0,1,1,0,0,0,0,3,3,3,3,3,2,81,38,,21,,9,45,,9,15,20,,,,,1,2003,1,1973,1,6,1,1,,2,,1,10,20,4,10,0,1,0,0,0,0,0,0,1,0,0,0,0,0,1,0,1,0,1
32,8,1,,,1,4,1,2,1,220,3,0,0,3,2,2,3,3,3,2,2,3,1,25,45,4,80,2,36337,2230,1,0,0,100,0,0,0,0,2,,3,4,1,0,0,1,0,1,1,2,7,258,6,213,6,222,72.0,9.0,19.0,1,3,3,2,3,3,6,7,8,6,8,10,2,1,1,2,1,1,0,21,6,1,12,5,0,1,0,1,4,3,3,4,85,15,85,0,1,6,11.0,1,1,1,6,14,65,0,0,1,1,71,69,13,13,4,0,26,39,16,0,100000,800000,1,4,1,1,0,0,0,0,1,1,50,1,10,1,0,0,0,0,100,0,1600,0,0,1,0,0,0,0,0,0,0,0,0,0,0,1,0,0,0,,,,,,,5.0,7,30,16,30,7,40,2,2,,,,,,1,0,0,0,0,50,1,2,1,1,1,1,1,2,1,1,1,1,1,1,1,1,1,0,0,1,0,2,,1,1,0,0,0,0,0,1,0,1,2,1,2,1,0,1,1,1,1,0,0,0,1,1,0,0,0,0,0,1,1,1,0,1,0,0,0,0,0,3,3,2,3,3,3,148,14,,10,0,,57,5,,81,6,,0,,,1,2009,1,1964,1,6,1,1,1986,2,,1,23,28,6,8,0,1,0,0,0,0,0,0,0,1,1,0,1,0,1,1,1,0,1
33,9,1,,,2,4,2,2,1,250,2,14,6,2,3,2,3,1,2,2,3,1,1,45,48,,164,2,98000,2000,1,,,100,,,,,2,,1,4,1,1,0,1,1,1,0,2,11,492,11,492,11,451,93.0,7.0,,2,3,3,2,3,3,7,8,6,7,10,8,1,1,1,1,1,1,0,,,0,,,0,,,1,4,2,3,4,170,47,170,0,2,3,10.9,1,1,1,13,18,117,0,0,1,1,138,135,9,9,3,0,33,98,14,0,120000,99000,2,4,1,1,0,0,0,0,1,1,,1,2,1,0,0,0,120,100,110,600,0,0,1,0,0,0,0,0,0,0,0,0,1,0,0,0,0,0,1,0,0,0,0,0,5.0,8,0,16,40,8,40,2,,,,,,,0,0,0,1,0,1,2,2,1,1,3,1,1,1,1,1,1,1,1,1,3,2,,,,,,2,,1,0,0,0,0,1,0,0,0,2,2,1,1,1,0,1,0,0,1,0,0,1,1,1,0,0,0,0,0,1,1,0,0,1,0,0,0,0,0,3,1,1,2,3,3,314,16,,91,0,,198,0,,116,16,,0,0,,1,2014,2,1972,1,6,1,1,1994,2,,1,8,20,16,12,0,1,0,0,0,1,1,1,1,0,1,1,0,1,1,1,1,1,1
34,9,1,,,2,4,2,2,1,400,3,0,0,3,3,3,3,3,3,3,3,3,1,32,40,4,200,2,80000,1200,1,,,100,,,,,2,,1,4,1,1,0,0,0,1,0,2,8,,8,,8,,65.0,5.0,30.0,2,4,3,2,3,3,6,8,5,3,10,4,2,2,2,2,2,2,0,0,1,0,3,8,0,7,0,4,4,4,4,4,121,36,121,0,2,7,10.0,1,1,1,27,36,58,0,0,3,3,116,116,12,12,,4,52,57,8,,100000,90000,1,4,1,1,0,0,0,0,1,1,13,1,3,2,0,0,0,180,100,110,,0,0,1,0,0,0,0,0,0,0,0,0,1,0,1,0,0,0,1,0,1,0,0,0,5.0,7,30,16,30,8,40,2,,,,,,,0,0,0,1,0,15,1,1,1,1,1,1,1,2,1,1,1,2,2,1,3,2,,,,,,2,,1,0,0,1,0,1,0,0,0,1,2,1,1,1,0,1,1,0,1,0,0,1,1,1,1,0,0,0,0,1,1,1,0,1,0,0,0,0,0,3,2,2,4,2,3,197,,,78,,,84,,,35,,,0,,,2,2014,1,1979,1,6,1,1,2001,2,,1,10,14,10,9,1,1,0,0,0,0,1,0,0,1,1,1,0,0,1,1,1,0,1
35,9,1,,,1,3,2,2,1,400,2,150,6,3,3,3,3,3,3,3,3,1,1,50,40,,150,2,20000,1800,1,70,0,15,10,5,0,0,2,,1,1,1,1,0,1,1,1,0,2,9,350,9,350,6,200,50.0,10.0,40.0,2,3,3,3,3,3,6,7,2,6,10,7,2,1,2,1,1,1,0,0,0,0,50,15,0,150,0,3,3,2,2,3,81,31,81,0,2,1,11.0,1,1,1,20,30,31,,6,36,20,35,20,4,2,1,25,25,30,10,,90000,90000,1,4,1,1,0,0,0,0,1,1,10,1,10,1,0,0,0,300,100,90,800,270,200,0,0,0,0,0,0,1,0,0,0,1,0,1,1,0,0,1,0,1,1,0,0,5.0,7,30,16,30,8,40,1,2,19,0,21,30,1,1,0,0,0,0,20,2,3,2,2,3,2,2,2,3,2,1,3,3,1,3,1,2,0,0,1,0,2,,1,0,0,0,0,0,1,1,1,2,3,1,1,1,0,1,1,1,1,0,0,1,1,1,1,0,0,0,1,1,1,1,0,1,1,0,0,0,0,3,4,1,3,3,1,151,,9,18,,9,93,,9,20,,9,20,,9,2,2009,1,1959,1,6,2,1,1997,2,,1,25,30,10,10,0,1,0,1,0,0,0,1,1,0,0,1,0,0,1,0,1,1,0
36,9,1,,,1,4,2,2,1,300,3,0,0,3,3,3,3,3,2,3,3,3,1,72,48,4,200,2,500000,2000,1,0,0,100,0,0,0,0,2,,1,4,1,1,0,1,0,1,0,1,6,245,6,240,,,55.0,5.0,40.0,1,3,3,3,3,3,6,8,7,7,6,8,1,1,1,1,1,1,0,1,5,0,0,1,,,,1,4,4,2,4,76,,76,0,0,21,23.0,1,1,1,10,8,58,0,0,0,,61,,15,,6,6,5,65,4,0,90000,80000,1,4,1,1,0,0,0,0,1,1,90,1,3,1,160,0,0,300,100,60,600,0,0,1,0,0,0,0,0,0,0,0,0,1,0,0,0,0,0,1,0,0,0,0,0,5.0,7,20,16,40,8,40,2,,,,,,,0,0,0,0,1,21,2,1,1,1,1,1,1,1,1,1,1,1,1,1,1,2,,,,,,2,,1,1,0,0,0,0,0,0,1,1,2,1,1,1,0,1,0,0,1,0,0,0,1,1,1,0,0,0,0,1,1,0,0,0,0,0,0,0,1,2,1,2,2,2,2,0,0,,0,0,,0,0,,0,0,,0,0,,2,2012,2,1979,1,4,1,1,2000,2,,1,12,14,3,8,1,1,0,0,0,1,1,1,1,0,0,0,0,0,1,0,1,0,1
37,10,1,,,2,5,1,2,1,250,3,0,0,3,3,2,3,2,3,3,2,3,1,42,50,2,398,2,102000,1800,4,0,0,100,0,0,0,0,1,2012,1,4,1,0,0,1,0,1,0,2,11,549,10,495,9,471,100.0,0.0,0.0,2,9,9,9,3,3,8,6,4,99,99,99,9,9,9,9,9,9,0,1,,0,0,,0,0,,3,4,4,4,4,147,26,147,0,1,20,,2,1,1,24,23,100,0,0,3,3,141,128,3,2,21,5,31,70,20,0,113044,128247,,4,1,1,0,0,0,0,1,1,59,1,1,2,0,0,0,0,100,0,652,0,0,1,0,0,0,0,0,0,0,0,0,1,1,1,0,0,0,1,1,1,0,0,0,5.0,8,0,16,45,7,40,2,,,,,,,1,0,0,0,0,25,2,1,1,1,2,1,1,1,1,1,1,1,1,1,3,2,,,,,,2,,1,0,0,0,0,0,0,1,0,1,2,2,1,1,0,1,1,0,1,0,0,1,1,1,0,0,0,0,0,1,1,0,0,1,0,0,0,0,0,3,2,2,2,3,2,470,,,256,,,74,,,140,,,,,,1,2003,2,1964,1,6,1,1,,2,,1,20,30,20,15,0,1,0,0,0,0,1,1,1,0,1,0,0,1,1,1,1,0,1
38,10,1,,,1,4,2,2,1,300,3,0,0,2,2,3,2,2,2,3,3,3,3,44,40,4,127,2,57692,1800,1,13,79,8,,,,,2,,1,4,1,0,0,0,0,1,0,1,6,250,6,242,6,283,88.0,2.0,10.0,2,3,3,2,3,3,7,10,8,7,8,10,2,2,2,2,2,2,,11,4,,8,5,,11,,2,4,4,4,4,82,20,82,,,,,1,1,1,0,0,82,0,0,2,0,80,21,,,0,0,33,35,14,0,90000,65000,1,4,1,1,0,0,0,0,1,1,,1,1,1,0,0,0,90,69,90,8,0,0,1,0,0,0,0,0,0,0,0,1,1,1,1,0,0,0,1,0,1,0,0,0,5.0,7,30,16,30,7,40,2,2,,,,,,1,0,0,0,0,,1,2,1,1,2,1,1,1,1,1,1,1,1,1,1,2,,,,,,2,,1,1,0,1,0,0,0,1,0,1,2,1,1,1,0,1,1,1,1,0,0,1,1,1,1,0,0,0,1,1,1,1,0,1,0,0,0,0,0,3,3,2,3,3,3,225,6,,73,1,,47,4,,105,1,,0,0,,1,2008,2,1968,1,6,1,1,1990,2,,1,18,25,11,,0,1,0,0,0,0,0,1,0,0,0,0,0,0,1,0,1,0,1
39,10,1,,,1,4,1,2,1,250,3,0,,3,3,3,3,2,2,3,3,1,1,19,48,4,100,2,20000,1800,1,,,100,,,,,2,,5,7,1,0,0,0,0,0,0,2,3,120,3,92,2,68,49.0,,51.0,2,9,9,9,2,2,8,9,6,99,,,9,9,9,9,9,9,0,14,6,0,33,2,0,24,1,4,3,2,2,4,40,15,38,2,3,4,12.6,2,2,2,11,5,24,0,0,2,2,35,31,3,1,2,1,15,17,5,0,120000,103000,1,4,1,1,0,1,1,0,0,1,5,1,2,1,0,0,0,80,100,240,667,0,,1,0,0,0,0,0,0,0,0,0,1,1,1,0,0,0,1,0,1,0,0,0,5.0,7,30,16,15,8,40,2,,,,,,,0,0,0,1,0,30,1,1,1,1,1,1,1,1,1,1,1,1,1,1,1,2,,,,,,2,,1,0,0,0,0,0,0,0,1,1,2,1,1,1,0,1,1,0,1,0,1,0,1,1,0,0,0,0,1,1,1,0,0,1,0,0,0,0,0,3,2,2,2,2,2,19,52,,9,0,,1,0,,9,52,,,,,1,2008,1,1969,1,6,1,1,1989,2,,1,19,25,25,6,0,1,0,0,0,1,1,0,1,0,1,0,0,1,1,0,1,0,1
40,10,1,,,2,4,2,2,1,250,3,0,,3,3,3,3,3,3,3,3,3,1,26,40,4,100,2,9800,1800,1,,,100,,,,,2,,3,3,1,0,0,0,0,1,0,2,2,79,1,19,,,100.0,,,2,9,9,9,3,3,6,7,8,99,,,9,9,9,9,9,9,0,1,4,0,0,3,,,,4,2,4,4,4,35,7,35,0,0,8,6.0,1,2,1,15,13,7,35,,,,35,,,,8,7,10,6,4,0,,98000,2,4,1,1,0,0,0,0,1,1,20,1,2,2,0,0,0,298,100,20,990,0,,0,0,0,0,1,1,0,1,0,0,1,0,1,0,0,0,,,,,,,5.0,7,20,16,40,7,40,2,,,,,,,1,0,0,0,0,100,1,1,1,1,1,1,1,1,1,1,1,1,1,1,,1,,0,0,1,0,2,,1,1,0,0,0,0,0,1,0,2,2,1,1,1,0,1,1,0,1,0,0,0,1,1,1,0,0,0,0,1,1,1,0,0,0,0,0,0,1,3,3,3,3,3,3,,,,,,,,,,,,,,,,1,2013,2,1967,1,6,1,1,1989,1,13,1,7,25,2,2,0,1,0,0,0,1,1,0,1,0,0,0,1,1,1,0,1,0,1
41,11,1,,,1,3,1,2,1,300,3,0,0,3,3,3,3,3,3,3,3,3,1,42,46,4,130,2,24000,2100,1,,100,,0,0,0,0,2,,5,7,1,0,0,1,0,1,0,2,4,172,4,148,4,140,60.0,20.0,20.0,2,2,2,1,1,1,8,7,9,8,7,10,2,1,1,1,2,1,0,2,8,0,7,3,0,10,3,2,4,4,2,4,61,36,61,0,1,0,7.5,3,3,3,4,10,47,0,0,3,3,54,54,4,4,0,0,11,26,24,0,98000,79000,2,4,1,1,0,0,0,0,1,1,25,1,2,1,0,0,99,0,120,150,1300,0,0,1,0,0,0,0,0,0,0,0,0,1,0,1,0,0,0,1,0,1,0,0,0,5.0,7,40,16,30,7,45,2,,,,,,,1,0,0,0,0,10,3,3,1,1,1,1,1,2,1,1,1,1,1,1,1,1,1,0,0,1,0,2,,0,0,0,1,0,0,0,0,1,2,2,1,2,2,0,1,1,1,1,0,0,1,1,1,0,0,0,0,1,1,1,0,0,1,0,1,0,0,0,3,2,2,2,1,1,87,29,,33,12,,6,2,,48,13,,0,3,,1,2006,1,1961,1,5,1,1,1996,2,,1,26,34,8,16,0,1,1,0,1,1,1,1,1,1,1,0,1,0,1,1,1,0,1
42,11,1,,,1,3,1,2,1,400,3,0,0,3,3,3,3,2,3,3,3,2,1,52,54,4,350,2,66200,1400,1,0,0,100,0,0,0,0,2,,4,7,1,0,0,1,0,1,0,2,12,536,11,480,10,411,,62.0,38.0,2,2,2,2,3,3,9,8,7,9,8,7,1,1,2,1,1,2,0,,,0,,,0,,,2,4,3,3,4,121,,119,3,3,0,11.8,3,3,3,5,35,81,0,0,18,16,102,95,1,1,3,7,35,56,20,0,100000,70000,2,4,1,1,0,0,0,0,1,1,20,1,6,1,0,0,0,0,0,0,0,0,,1,0,0,0,0,0,0,0,0,0,1,0,1,0,0,0,1,0,1,0,0,0,5.0,7,45,16,30,7,45,2,,,,,,,1,0,0,0,0,10,1,2,1,1,2,1,1,1,1,1,1,1,1,1,1,1,1,0,0,1,0,2,,1,1,0,0,0,1,0,0,1,2,2,2,2,2,0,1,1,1,1,0,0,0,1,1,1,0,0,0,0,1,1,1,0,0,1,0,0,1,0,3,3,3,3,2,3,361,92,,78,21,,55,13,,228,58,,0,0,,1,2010,1,1965,1,6,1,1,,2,,1,27,28,28,11,1,1,0,0,1,0,0,1,1,0,0,0,0,1,1,1,0,0,1
43,11,1,,,1,4,1,2,1,250,3,0,,3,3,3,3,2,2,3,3,3,1,32,40,3,162,2,46156,1400,1,0,0,100,0,0,0,0,2,,1,4,1,0,0,1,0,1,0,2,8,320,9,376,10,374,56.0,20.0,24.0,2,3,3,2,3,3,8,7,10,8,7,10,2,2,2,2,2,2,0,5,4,0,5,2,0,5,4,2,4,3,3,4,105,21,105,0,0,1,10.19047619047619,1,1,1,20,20,65,0,0,1,1,102,102,2,2,1,2,43,47,12,0,80000,66000,2,4,1,1,0,0,0,0,1,1,36,1,1,1,0,0,153,0,120,0,675,0,0,1,0,0,0,0,0,0,0,0,0,1,0,1,0,0,0,1,0,1,0,0,0,5.0,7,30,16,30,7,45,2,,,,,,,1,0,0,0,0,15,2,2,2,1,1,2,1,1,1,1,1,1,1,1,3,1,1,0,0,1,0,2,,1,1,0,0,1,0,0,0,1,1,2,1,1,1,0,1,1,1,1,0,0,0,1,1,0,0,0,0,0,1,1,1,0,1,0,0,0,0,0,4,2,2,3,1,2,339,130,,140,40,,52,20,,147,70,,0,,9,2,2008,2,1970,1,5,1,1,1997,2,,1,18,24,12,7,0,1,0,0,0,0,0,0,1,0,0,0,0,1,1,0,1,0,1
44,11,4,1,2000,1,2,1,2,1,150,3,0,0,2,3,3,3,1,2,1,3,1,1,32,59,4,32,2,20784,0,3,,,,100,,,,2,,3,3,1,0,0,0,0,0,0,1,1,80,1,79,1,56,,,100.0,2,2,2,2,2,1,7,8,10,7,8,10,2,2,2,2,2,2,,21,13,,6,2,,4,0,4,4,4,4,4,7,6,7,0,0,1,30.8,1,1,2,1,0,6,0,0,6,6,0,0,1,1,7,,,,,,0,30000,1,3,1,2,0,0,0,0,1,1,20,1,6,2,1200,0,150,0,0,50,700,0,,1,0,0,0,0,0,0,0,0,0,1,0,1,0,0,0,1,0,1,0,0,0,5.0,7,30,16,30,8,40,2,2,,,,,2,1,0,0,0,0,80,1,1,1,1,3,1,1,1,1,1,1,1,1,1,1,1,1,0,0,1,0,2,5,1,0,0,0,0,1,0,0,0,2,2,1,1,2,1,0,0,0,1,0,0,0,1,1,0,0,0,0,0,1,0,0,0,1,0,0,0,0,0,2,2,1,2,1,2,,42,,,,,,6,,,16,,,20,,2,2010,1,1955,1,4,1,1,1986,2,,1,26,34,5,15,1,0,1,0,0,0,0,1,1,1,1,0,0,0,1,0,1,0,0
45,12,1,,,2,5,1,2,1,400,2,80,8,3,3,3,3,3,2,3,3,3,1,48,48,4,301,2,50000,,1,0,0,100,0,0,0,0,2,,1,4,1,0,0,0,0,0,0,2,16,741,12,772,12,723,,0.0,1.0,2,3,3,2,4,4,8,9,6,7,,,1,2,2,2,2,2,0,0,0,0,0,2,0,2,4,2,4,3,4,4,165,,165,0,1,4,13.2,2,2,2,15,46,104,0,0,2,2,158,158,5,5,3,0,33,66,63,0,90000,85000,2,4,1,1,0,0,0,0,1,1,4,1,1,2,0,0,116,95,50,0,0,450,,1,0,0,0,0,0,0,0,0,0,1,0,1,0,0,0,1,0,1,0,0,0,5.0,6,50,17,0,7,45,1,2,18,0,20,30,1,0,0,0,1,0,5,2,2,1,1,2,2,1,2,1,1,1,2,2,1,3,2,,,,,,2,,1,0,0,0,0,0,0,1,0,2,2,1,1,1,0,1,1,1,1,0,0,0,1,1,0,0,0,0,0,1,1,0,0,0,0,0,1,0,0,2,2,2,3,2,3,750,3,,404,,9,495,,9,252,3,,0,,9,2,2014,1,1973,1,5,1,1,2001,2,,1,20,20,0,13,0,0,0,0,1,0,1,0,1,0,0,1,0,0,1,1,1,0,1
46,12,1,,,1,4,2,2,1,300,2,60,7,3,3,3,3,2,2,2,2,1,1,16,36,1,40,2,40000,700,1,,,100,,,,,2,,5,7,1,1,0,1,1,1,1,2,4,146,5,203,7,250,95.0,1.0,5.0,2,2,2,2,1,1,8,6,9,9,8,6,1,1,1,1,1,1,2,5,4,3,4,2,5,2,3,3,4,3,1,2,90,42,90,2,36,1,6.0,3,3,3,3,2,85,0,0,18,16,70,68,2,2,0,1,16,48,33,0,80000,60000,1,4,1,1,0,0,0,0,1,1,32,1,1,1,0,0,0,0,0,0,1500,0,,1,0,0,0,0,0,0,0,0,0,1,0,1,0,0,0,1,0,1,0,0,0,5.0,6,30,17,0,8,40,1,1,17,35,21,0,1,1,0,0,0,0,10,2,3,1,2,1,3,1,2,1,1,1,2,2,1,1,1,1,0,0,1,0,1,4,1,1,1,0,0,0,0,1,0,1,2,1,1,2,0,1,1,0,1,0,1,1,1,1,0,0,0,0,0,1,1,1,0,1,0,1,1,0,0,2,2,4,3,2,4,220,23,,82,5,,50,4,,60,12,,28,2,,2,2014,1,1982,1,5,1,1,2004,2,,1,12,12,7,8,0,1,0,0,1,0,1,1,1,1,1,1,1,1,1,1,1,1,1
47,12,1,,,1,5,1,1,1,400,2,828,8,3,3,3,3,2,1,3,3,2,1,60,64,4,350,2,3000,1000,1,,,100,0,0,0,0,2,,1,4,1,0,0,0,0,1,0,2,17,882,17,946,16,987,,2.0,1.0,2,3,2,1,3,3,6,7,9,7,8,10,1,1,1,1,1,2,0,0,10,0,0,20,0,0,9,4,4,3,4,4,214,88,214,1,2,1,13.0,,3,,2,10,202,0,0,16,0,195,7,3,3,1,0,27,131,55,0,100000,90000,2,3,1,1,1,0,0,1,0,1,10,1,1,1,0,0,116,0,50,110,1700,320,,1,0,0,0,0,0,0,0,0,0,1,0,1,0,0,0,1,0,1,0,0,0,5.199999809265137,6,50,17,15,8,45,1,2,18,0,20,40,1,1,0,0,0,0,1,2,2,1,1,1,1,2,2,1,1,1,1,2,1,3,1,1,0,0,1,0,1,4,1,1,0,0,0,0,0,0,1,1,2,1,2,1,0,1,1,0,1,0,1,1,1,1,0,0,0,0,0,1,1,1,0,1,0,0,0,1,0,2,1,2,2,2,1,952,,9,428,,9,258,,9,230,,9,36,,9,2,2010,1,1969,1,5,1,1,1993,2,,1,,24,5,9,0,1,0,0,1,1,1,1,1,1,0,1,1,1,1,0,1,0,0
48,12,1,,,2,4,2,2,1,400,2,120,6,3,3,3,2,2,2,3,3,1,1,44,45,3,170,2,80000,1000,1,,,100,,,,,2,,4,7,1,0,0,1,1,0,0,2,6,240,6,246,7,273,85.0,5.0,10.0,2,2,2,2,3,3,8,9,6,8,9,7,1,1,1,1,1,2,0,0,7,0,9,11,2,7,5,4,4,2,2,4,71,34,71,3,1,1,8.9,3,3,3,2,7,62,0,0,4,4,66,66,1,1,2,0,10,42,17,0,80000,72000,1,4,1,1,0,0,0,0,1,1,60,1,2,1,0,0,120,45,0,10,,0,,1,0,0,0,0,0,0,0,0,0,1,0,1,0,0,0,1,0,1,0,0,0,5.0,6,40,17,0,8,45,1,2,19,0,20,30,1,1,0,0,0,0,10,2,2,1,1,1,2,1,3,1,1,1,1,3,1,2,1,1,0,0,1,0,2,,1,1,0,0,0,0,0,1,0,1,2,2,2,2,0,1,1,0,1,0,1,0,1,1,0,0,0,0,1,1,1,0,0,1,0,0,1,0,0,3,3,2,2,1,2,,336,,104,10,,63,3,,,109,,,60,,2,2008,1,1967,1,5,1,1,1996,2,,1,20,27,7,22,0,1,0,1,0,1,1,1,1,0,1,0,0,0,1,1,1,0,1
49,13,1,,,1,3,2,2,1,,2,39,8,3,3,3,3,,3,3,3,1,1,30,45,4,165,2,350000,,1,,,100,,,,,2,,4,2,1,1,0,1,0,1,0,2,8,360,8,353,8,371,90.69999694824219,5.699999809265137,3.700000047683716,2,3,3,1,3,3,7,8,9,8,9,10,1,1,1,2,1,1,0,0,0,0,1,2,0,5,1,4,3,1,4,4,,49,95,3,3,0,11.2,,,,1,8,88,1,2,20,12,69,50,5,5,3,,20,53,21,,100000,70000,2,4,1,1,0,0,0,0,1,1,5,1,2,1,0,0,15,150,0,100,900,200,,1,0,0,0,0,0,0,0,0,0,1,0,1,0,0,0,1,0,1,0,0,0,5.5,7,20,16,20,7,45,1,2,18,0,20,10,1,1,0,0,0,0,26,1,3,1,1,1,1,1,2,1,1,1,1,1,2,1,2,1,0,0,1,1,2,4,1,1,0,0,0,0,0,1,1,1,2,1,1,1,0,1,1,1,1,0,0,1,1,1,1,1,0,0,0,1,1,1,0,1,0,1,0,0,0,2,3,2,2,2,3,306,48,,10,1,,123,5,,170,25,,3,17,,1,2010,1,1971,1,7,1,1,1996,2,,2,,22,5,20,0,1,0,0,1,0,1,0,1,1,1,1,1,1,1,0,1,0,1
50,13,1,,,1,4,2,2,1,250,2,72,12,3,2,2,3,1,2,2,3,1,1,19,45,4,54,2,20000,820,1,,,100,,,,,2,,1,4,1,0,0,0,0,0,0,2,6,270,6,270,7,307,82.0,14.0,4.0,2,2,2,2,3,4,7,8,6,8,10,6,1,1,1,1,1,1,,0,3,,2,3,,3,0,2,4,4,4,4,79,23,79,0,2,0,13.5,1,1,1,0,0,79,,,,4,,74,,1,,,15,46,18,,90000,80000,2,4,1,1,0,0,0,0,1,1,5,1,2,1,0,0,0,120,0,0,2500,200,,1,0,0,0,1,0,0,1,0,0,1,0,0,0,0,0,1,0,0,0,0,0,5.0,7,20,16,30,33,45,1,1,18,0,20,20,1,1,0,0,0,0,20,2,2,1,2,3,1,1,1,1,1,1,1,1,1,1,1,1,0,0,1,0,2,,1,0,0,0,0,0,0,1,0,1,2,1,1,1,0,1,1,1,1,0,0,0,1,0,1,0,0,0,0,1,1,1,1,1,0,0,1,0,0,3,4,3,3,3,3,254,13,,,84,,,173,,,81,,,,,1,1997,1,1968,1,7,1,1,1995,2,,1,7,26,6,18,1,1,1,1,1,1,1,0,0,0,1,1,1,0,1,0,1,0,1
51,13,1,,,1,4,2,2,1,300,2,92,10,3,3,3,3,2,3,3,3,3,1,36,40,4,122,2,56167,780,1,,,100,,,,,2,,4,6,1,0,0,0,0,1,0,2,11,476,11,434,11,409,74.4000015258789,7.400000095367432,18.200000762939453,2,3,3,3,3,3,9,8,7,8,7,10,1,1,1,1,1,1,0,1,1,0,0,0,0,10,3,3,4,4,4,4,112,44,112,2,1,2,12.0,1,1,1,,,112,,,25,25,86,76,1,0,1,,20,73,18,0,88000,78000,2,4,1,2,0,0,0,0,1,1,7,1,1,1,0,0,0,0,0,0,0,200,,1,0,0,0,0,0,0,0,0,0,1,0,1,0,0,0,1,0,0,0,0,0,5.0,7,50,15,50,7,45,1,1,18,0,20,40,1,1,0,0,0,0,10,1,2,1,1,1,1,1,2,2,1,1,1,1,1,1,1,1,0,0,1,0,2,,1,0,0,0,0,0,0,0,1,2,2,1,1,1,0,1,1,1,1,0,0,1,0,1,0,0,0,0,0,1,1,0,0,1,1,0,0,0,0,3,3,1,2,1,1,294,73,,,,,,,,,,,0,0,,1,2010,1,1963,3,5,1,1,1996,2,,1,25,31,16,14,1,1,0,1,0,0,0,1,1,0,1,0,0,0,1,1,1,0,1
52,13,3,,,1,4,2,2,1,,1,110,71,3,3,2,3,2,3,3,2,1,2,39,35,4,80,2,20000,0,3,,,,100,,,,2,,4,1,1,0,0,0,0,0,0,2,4,123,4,120,4,152,70.0,25.0,5.0,2,2,2,2,3,3,7,9,10,9,8,7,2,1,2,1,1,2,0,,,0,,,0,,,3,3,3,3,3,46,27,38,,5,5,10.0,2,2,1,5,3,38,0,0,28,20,18,13,0,,18,4,15,8,1,0,110000,80000,1,3,1,2,0,0,0,0,1,1,15,1,2,2,540,0,0,100,0,90,1800,400,,1,0,0,0,0,0,0,0,0,0,1,0,0,0,0,0,1,0,0,0,0,0,6.0,7,50,16,0,7,45,1,1,17,50,20,50,1,1,0,0,0,0,30,2,3,1,2,1,3,1,1,1,1,1,2,1,1,1,1,1,0,0,1,0,2,5,1,0,0,0,0,0,0,1,0,2,2,2,1,1,0,1,1,1,1,0,0,0,1,1,0,0,0,0,0,1,1,0,0,1,0,0,1,0,0,2,3,2,2,1,2,97,28,,17,4,,30,17,,47,6,,3,1,,1,1998,1,1966,1,4,1,2,,2,,1,10,27,22,22,1,0,0,0,0,0,0,1,1,0,1,0,1,0,1,0,1,0,1
53,14,1,,,1,5,2,2,1,300,2,116,4,3,3,3,3,3,3,3,3,3,1,50,50,4,375,2,80497,850,1,,,100,,,,,2,,1,4,1,0,0,1,0,1,0,1,16,812,14,694,14,684,,1.0,1.0,2,3,3,3,4,4,6,7,8,3,2,8,2,2,2,2,2,2,0,0,0,0,0,0,0,0,0,1,4,4,4,4,141,43,140,0,10,4,16.0,1,1,1,8,9,124,0,1,21,21,114,114,5,5,5,0,34,61,41,,80000,60000,1,4,1,1,0,0,0,0,1,1,,1,,1,0,0,0,0,0,80,800,220,0,1,0,0,0,0,0,0,0,0,0,1,0,1,0,0,0,1,0,1,0,0,0,5.0,7,0,17,0,7,40,1,2,,,,,,1,0,0,0,0,30,2,1,1,1,3,1,1,1,1,1,1,1,1,1,3,2,,0,0,1,0,2,,1,1,1,0,0,,,,,1,2,2,2,2,0,1,1,1,1,0,0,0,1,1,1,0,0,0,0,1,1,1,0,0,0,0,1,0,0,3,3,3,3,3,3,554,13,,101,,,300,13,,110,,,,,,1,2013,1,1969,1,7,1,1,,,,1,,20,2,9,,,,,,,,,,,,,,,1,1,1,0,1
54,14,1,,,1,4,2,2,1,,1,125,8,3,3,3,3,3,3,3,3,1,1,29,50,4,180,2,28600,1080,1,,,100,,,,,2,,5,7,1,0,0,1,1,1,0,2,8,386,8,377,7,325,80.0,3.0,17.0,2,3,3,3,2,3,9,8,7,8,10,7,2,2,2,2,2,2,0,0,0,0,2,2,2,3,0,4,4,4,2,4,91,37,91,0,2,2,13.0,2,2,2,6,15,70,0,0,8,,83,,0,,91,0,37,45,9,,85000,76000,2,4,1,1,0,0,0,0,1,1,10,1,2,1,0,0,,90,0,90,1300,0,,1,0,0,0,0,0,0,0,0,0,1,0,1,0,0,0,1,0,1,0,0,0,5.0,6,25,17,5,10,40,1,1,18,10,20,15,1,1,0,0,0,0,20,2,2,1,1,2,2,2,2,1,1,1,1,2,1,3,2,2,0,0,1,0,2,4,1,1,0,0,0,0,0,1,0,1,2,2,1,1,0,1,1,1,1,0,0,0,1,1,0,0,0,0,0,1,1,1,0,0,0,1,0,0,0,3,3,2,2,2,1,308,95,,15,6,,117,32,,170,40,,,23,,1,2010,1,1977,1,7,1,1,2000,2,,1,10,20,5,12,0,1,1,0,0,1,1,0,1,1,1,0,0,0,1,0,1,0,1
55,14,1,,,1,2,1,2,1,300,1,60,10,3,3,3,2,2,2,3,3,1,1,14,40,4,100,2,16085,1050,1,0,0,99,0,1,0,0,2,,4,7,1,1,0,1,1,1,1,3,6,240,4,175,4,139,43.0,1.0,56.0,2,3,3,3,2,2,8,9,6,8,7,10,2,2,1,2,1,2,1,9,5,2,16,3,1,20,2,2,4,3,3,4,46,16,45,4,1,1,12.0,2,3,2,4,3,39,0,0,7,5,39,37,0,,5,0,10,28,3,0,93000,88000,2,4,1,1,0,0,0,0,1,1,6,1,1,1,0,0,0,95,0,280,1000,0,0,1,0,0,0,0,0,0,0,0,0,1,0,0,1,0,0,1,0,0,1,0,0,5.0,7,10,17,0,7,40,1,1,18,0,20,0,1,1,0,0,0,0,5,2,2,1,2,1,1,2,2,1,1,1,2,2,2,3,1,2,0,0,1,0,2,,1,0,0,0,0,1,0,0,0,2,2,1,1,1,1,0,0,0,1,0,1,0,1,1,0,0,0,0,0,1,1,0,0,0,1,0,0,0,0,1,2,1,1,2,2,36,75,,1,3,,12,15,,22,48,,1,9,,1,2010,1,1976,1,5,1,1,2002,2,,1,15,20,5,8,1,0,0,1,1,1,0,1,1,0,1,0,1,0,1,1,1,0,1
56,14,3,,,1,5,2,2,1,300,1,300,8,2,3,2,2,2,3,2,2,1,1,50,50,4,200,2,75000,700,1,0,0,10,90,0,0,0,2,,3,6,1,0,0,0,0,0,0,2,15,750,15,750,17,845,90.0,8.0,2.0,2,3,3,3,4,4,7,8,6,7,8,6,2,2,2,2,2,2,0,2,4,0,3,2,0,2,0,3,3,3,2,4,119,57,118,0,3,3,19.0,2,2,1,15,50,54,0,0,5,5,114,112,,,7,,44,64,4,,100000,90000,1,4,1,2,0,0,0,0,1,1,,1,2,2,1200,0,0,200,0,100,0,400,,1,0,0,0,0,0,0,0,0,0,0,0,0,0,1,0,0,0,0,0,1,0,5.5,6,30,20,30,7,40,1,1,18,0,20,30,1,1,0,0,0,0,20,1,1,1,1,1,1,1,1,1,1,1,1,2,1,3,1,1,0,0,0,1,2,,1,0,0,1,0,0,0,1,0,1,2,1,1,1,0,1,1,1,1,0,0,1,1,0,0,0,0,0,0,1,1,0,0,0,0,0,0,0,1,2,4,3,3,2,2,720,,,210,,,205,,,5,,,0,,,1,2007,1,1972,1,5,1,1,1997,2,,1,3,24,11,11,0,1,0,0,0,0,0,1,0,0,0,0,0,0,1,0,1,1,1
57,15,1,,,2,5,1,2,1,200,2,100,9,3,3,3,3,2,2,3,2,1,1,60,60,4,120,2,98381,810,4,,,100,,,,,2,,1,4,1,0,0,1,1,1,0,2,10,480,10,505,10,498,100.0,,,2,9,9,9,4,4,6,9,8,99,99,99,9,9,9,9,9,9,0,1,0,2,2,3,1,3,2,4,4,4,4,4,112,50,112,6,1,0,,1,1,1,0,4,108,0,0,11,9,99,99,2,2,0,0,29,61,22,0,50000,30000,2,4,1,2,0,0,0,0,1,1,3,1,1,1,0,150,100,0,0,100,0,175,0,1,0,0,0,0,0,0,0,0,0,1,0,1,0,0,0,0,0,0,0,0,1,5.0,7,30,16,50,7,45,1,2,,,,,,1,0,0,0,0,2,2,3,1,1,1,1,1,1,1,1,1,1,1,1,1,1,1,0,0,1,0,2,,1,0,0,0,0,0,0,1,0,2,2,1,1,1,0,1,1,1,1,0,1,1,1,1,0,0,0,0,0,1,1,0,0,1,0,0,0,0,0,2,1,1,1,2,1,344,,9,130,,9,96,,9,65,,9,53,,9,1,2010,1,1964,1,6,1,1,,2,,1,28,28,28,20,0,1,1,0,0,1,0,1,1,0,0,1,0,1,1,0,1,0,1
58,15,1,,,1,4,1,2,1,250,2,70,6,3,3,3,3,2,2,3,3,1,1,30,50,4,120,2,33323,850,1,100,,,,,,,2,,1,2,1,0,0,0,1,0,0,2,10,442,10,452,10,431,82.0,10.0,8.0,2,2,2,2,3,2,7,8,9,8,7,10,1,1,1,1,1,2,0,2,3,1,1,2,5,2,0,4,4,4,4,4,102,,102,0,1,0,12.5,,,,,,102,,1,9,9,98,98,4,4,1,0,11,65,25,0,50000,36000,2,4,1,2,0,0,0,1,0,1,31,1,2,1,0,118,89,0,0,0,0,150,0,1,0,0,0,0,0,0,0,0,0,0,0,1,0,0,0,0,0,1,0,0,0,5.0,7,55,17,20,7,40,1,2,19,0,21,0,1,1,0,0,0,0,20,2,2,1,1,2,2,1,2,1,1,1,1,1,1,4,1,1,0,0,1,0,2,,1,1,0,0,0,0,0,0,1,1,2,1,1,1,0,1,1,1,1,0,0,1,1,1,1,0,0,0,0,1,1,1,0,0,0,0,0,1,0,2,3,2,3,2,1,299,33,,97,1,,142,13,,49,2,,,12,,2,2004,1,1963,1,6,1,1,1996,2,,1,32,32,26,29,0,1,0,0,1,0,1,1,1,0,0,0,0,1,1,1,1,0,1
59,15,1,,,1,4,1,2,1,200,2,32,14,3,3,2,2,1,1,3,3,1,1,15,40,3,50,2,19258,810,1,80,0,20,0,0,0,0,2,,4,4,1,0,0,1,0,1,0,2,4,160,5,168,5,202,94.0,1.0,5.0,2,1,1,1,3,4,9,7,2,9,8,7,2,2,2,1,1,2,4,0,1,9,1,1,0,1,0,3,3,3,3,3,56,34,53,0,0,0,10.0,1,1,1,1,3,52,2,1,5,5,47,47,1,1,0,0,18,24,11,,40000,30000,2,4,1,1,0,0,0,0,1,1,10,1,1,2,0,0,76,0,0,0,3,0,,1,0,0,0,0,0,0,0,0,0,1,1,1,0,0,0,1,1,1,0,0,0,5.0,7,50,16,40,7,45,1,2,18,30,20,30,1,1,0,0,0,0,60,1,1,1,1,1,1,1,1,2,1,1,2,1,1,1,1,2,0,0,1,0,1,5,1,1,0,0,0,0,0,0,1,2,2,1,1,1,0,1,1,1,1,0,0,0,1,1,0,0,0,0,0,1,1,0,0,1,0,0,1,0,0,3,2,1,2,2,3,202,10,,40,0,,55,0,,86,7,,31,3,,2,2011,1,1972,1,7,1,1,1994,2,,1,6,20,20,14,0,0,0,0,0,0,1,0,1,1,1,1,1,0,0,0,1,0,0
60,15,1,,,1,4,2,2,1,200,1,20,14,3,2,2,3,3,3,2,2,1,1,11,45,4,50,2,7500,850,1,,,,0,0,0,45,2,,5,7,1,0,0,0,0,0,0,1,3,92,2,95,3,105,,2.0,1.0,2,3,3,3,1,2,9,8,6,9,8,6,2,2,2,2,2,2,0,1,3,1,1,2,2,1,2,4,1,1,1,1,35,18,33,,1,2,10.2,1,1,1,3,8,24,0,0,2,2,33,33,0,0,0,1,18,11,5,0,38400,26400,2,3,1,2,0,0,0,1,0,1,15,1,2,2,0,0,76,0,0,100,0,0,0,1,0,0,0,0,0,0,0,0,0,1,1,0,1,0,0,1,1,0,1,0,0,5.0,7,25,16,45,7,45,1,1,19,0,21,0,1,1,0,0,0,0,10,1,3,1,1,1,2,1,2,2,1,1,1,1,1,1,1,1,0,0,1,0,2,4,1,0,0,0,1,0,0,0,1,1,2,1,1,1,1,0,0,0,1,0,0,1,0,1,0,0,0,0,0,1,1,0,0,0,0,0,1,1,0,3,4,3,3,3,2,108,10,,19,2,,32,1,,24,1,,29,,,1,2009,1,1966,1,5,1,1,2003,2,,1,17,30,22,5,0,1,0,0,0,0,1,1,1,1,1,1,1,1,1,1,1,0,1
61,16,1,,,2,5,1,2,1,4000,2,50,3,3,3,3,3,2,3,3,3,1,1,108,60,1,600,2,120000,790,1,10,20,70,0,0,0,0,2,,1,2,1,0,0,0,1,1,0,2,10,480,8,450,9,460,,1.0,0.0,1,2,3,3,4,3,7,6,2,99,,,1,2,2,2,3,2,0,2,5,0,1,4,0,0,0,3,3,4,2,4,73,34,73,0,0,5,20.0,2,1,1,10,21,42,0,10,36,36,26,26,1,1,,3,38,25,7,0,45000,38000,1,4,1,1,0,0,0,0,1,1,2,1,1,1,0,0,120,90,5,49,0,0,,1,0,0,0,0,0,0,0,0,0,1,0,1,0,0,0,1,0,1,0,0,0,5.0,7,20,16,35,7,45,1,2,,,,,,1,0,0,0,0,10,2,3,1,3,2,1,2,2,1,1,1,2,1,1,1,1,1,0,0,1,0,2,,1,0,0,0,0,0,0,0,1,1,2,1,1,1,0,1,1,1,1,0,0,1,1,1,0,0,0,0,0,1,1,1,0,0,0,0,1,0,0,3,3,2,2,2,2,530,3,,415,3,,106,0,,4,0,,5,0,,3,5,1,1973,1,5,1,1,1997,2,,1,18,18,15,10,0,1,0,1,0,1,0,0,1,0,1,0,1,0,1,0,1,0,0
62,16,1,,,1,4,2,2,1,300,2,50,6,3,3,3,3,2,2,2,2,1,1,51,65,3,180,2,40000,800,1,90,2,7,0,1,0,0,2,,1,4,1,0,0,1,1,1,0,2,14,970,12,860,12,766,,1.0,1.0,3,3,3,3,4,3,9,7,8,7,8,6,1,1,1,1,1,1,21,10,18,24,5,12,9,0,1,2,3,3,3,4,141,73,141,0,12,3,18.0,2,1,1,19,30,92,0,6,56,56,79,79,,,0,3,28,35,45,,48400,44800,1,4,1,1,0,1,0,1,0,1,10,1,2,1,0,0,190,90,,50,,0,,1,0,0,0,0,0,0,0,0,0,1,0,0,1,0,0,1,0,0,1,0,0,5.0,7,20,16,40,29,45,1,2,18,40,20,40,1,1,0,0,0,0,2,1,2,1,1,2,1,1,2,1,1,1,2,1,1,1,1,1,0,0,1,0,2,5,1,0,0,0,0,0,0,0,1,2,2,1,1,1,1,0,0,0,0,0,0,1,1,1,1,0,0,0,0,1,1,1,0,0,0,0,1,0,0,2,3,1,2,1,1,690,3,,233,1,,178,1,,80,,,139,,,1,2008,1,1969,1,5,1,1,1994,2,,1,17,24,7,19,1,1,0,0,0,1,0,1,1,0,0,0,1,0,1,0,1,0,1
63,16,1,,,1,5,2,2,1,400,2,13,8,2,2,2,2,1,2,2,2,1,1,10,55,3,10,2,2500,700,1,0,0,100,0,0,0,0,2,,5,7,1,1,0,1,0,0,0,2,3,147,3,154,3,175,,2.0,0.0,1,3,3,3,3,2,9,7,10,9,7,10,2,1,2,1,3,1,0,0,0,0,0,2,8,1,0,3,2,2,2,2,64,47,64,0,0,0,8.0,2,2,2,0,6,58,0,0,24,20,40,32,0,0,0,0,10,41,13,0,40000,35000,2,3,1,1,0,0,0,0,1,1,5,1,1,2,0,0,249,0,0,40,0,0,0,1,0,0,0,0,0,0,0,0,0,1,0,1,0,0,0,1,0,1,0,0,0,5.0,6,50,20,35,7,45,1,1,18,0,20,35,1,1,0,0,0,0,30,1,3,1,1,1,1,1,2,1,1,1,2,2,1,3,1,2,0,0,1,0,1,4,1,0,0,0,0,1,0,0,0,1,2,2,2,1,0,0,1,0,1,0,0,1,1,1,1,0,0,0,1,1,1,1,0,1,0,1,1,0,0,2,3,1,1,1,3,143,,9,69,,9,89,,9,48,,9,6,,9,2,2012,1,1967,1,5,1,1,1996,2,,1,21,23,23,7,1,1,1,0,0,1,0,0,1,0,0,0,1,0,1,1,1,0,0
64,16,1,,,2,2,2,2,2,,2,32,4,3,2,1,2,1,1,2,2,1,1,116,48,1,32,1,,800,1,0,0,0,0,0,0,0,2,,5,7,1,0,0,1,0,0,0,2,1,27,1,23,1,39,100.0,0.0,0.0,2,9,9,9,3,3,9,,,9,,,9,9,9,9,9,9,0,0,0,0,2,0,0,0,0,4,1,1,2,2,31,27,31,0,0,0,3.0,2,2,2,0,2,29,0,1,25,19,5,0,0,0,1,5,10,7,8,0,40000,36000,2,3,1,1,0,0,0,1,0,1,2,1,1,2,0,0,0,0,0,30,0,0,0,0,0,0,0,0,0,0,0,0,1,1,0,1,0,0,0,1,0,1,0,0,0,5.0,8,10,5,5,7,45,1,1,18,20,20,10,1,1,0,0,0,0,100,2,1,1,2,1,2,2,2,1,1,1,2,1,1,4,2,3,0,0,1,0,2,5,1,0,0,0,0,0,0,0,1,1,1,2,2,2,0,1,1,1,0,0,0,1,1,1,1,0,0,0,0,1,1,1,0,1,0,1,1,0,0,2,2,1,2,1,1,43,0,9,10,0,9,12,0,9,5,0,9,16,0,9,1,2011,1,1970,1,5,1,1,2003,2,,1,18,21,21,7,1,1,1,1,1,1,1,1,1,0,0,0,1,0,1,0,0,0,1
65,17,1,,,2,4,2,2,1,,3,0,0,2,2,2,2,2,2,1,2,1,1,40,50,4,200,2,,,,,,,,,,,2,,1,4,1,1,0,1,1,1,1,2,12,700,14,700,14,600,70.0,25.0,5.0,3,2,2,2,4,4,8,7,10,7,6,10,1,1,1,1,1,1,,,,,,,,,,2,4,4,4,4,141,50,141,10,2,10,15.0,3,3,3,3,7,131,0,0,1,1,138,138,3,3,0,1,44,50,36,0,55000,35000,2,4,1,2,1,1,1,0,0,1,,2,,2,0,180,101,270,0,160,0,0,,0,0,1,1,1,0,0,0,0,0,0,0,1,0,0,0,0,0,1,0,0,0,5.0,7,50,17,20,8,45,2,,,,,,,1,0,0,0,0,30,2,2,1,1,1,1,1,1,2,2,1,1,1,1,1,1,1,1,0,0,0,2,,1,1,1,0,0,0,0,1,0,1,2,1,,,0,1,0,0,1,0,0,1,1,1,1,0,0,0,0,1,1,1,0,1,1,0,0,0,0,3,3,3,3,3,3,422,249,,125,69,,184,47,,176,62,,5,3,,2,2014,1,1967,1,5,1,1,,2,,1,,,1,13,0,0,0,0,1,1,1,1,1,1,1,1,1,1,1,0,1,0,1
66,17,1,,,1,4,2,2,1,400,2,100,7,3,3,3,3,3,3,3,3,1,1,65,55,4,240,2,106893,900,1,5,25,70,0,0,0,0,2,,1,2,1,0,0,0,1,1,0,2,10,540,10,430,8,400,71.0,23.0,6.0,2,2,3,2,4,3,8,7,10,7,6,8,1,2,1,1,1,2,0,0,0,0,4,18,0,7,6,1,4,4,4,4,104,20,104,4,0,4,13.5,2,2,1,13,36,55,0,0,3,3,90,88,11,11,,12,32,49,11,0,5000,3900,2,4,1,1,0,0,0,0,1,1,3,1,1,2,0,180,0,0,0,60,0,0,0,1,0,0,0,0,0,0,0,0,0,0,0,1,0,0,0,0,0,1,0,0,0,5.0,,,,,8,45,1,1,18,10,20,45,1,1,0,0,0,0,30,2,2,1,1,1,2,1,1,1,1,1,1,1,1,1,2,,,,,,2,,1,1,0,0,0,0,0,1,1,1,2,1,1,1,0,1,1,0,1,0,0,1,1,1,1,0,0,0,0,1,1,1,0,1,1,0,0,0,0,3,3,2,4,2,3,330,90,,92,27,,135,28,,93,45,,,,,3,2012,1,1981,1,5,1,1,2000,2,,2,,15,3,7,0,1,1,0,0,1,0,1,1,0,0,0,0,0,1,1,0,0,1
67,17,1,,,2,4,1,2,1,200,1,99,8,2,3,1,2,2,2,2,2,1,1,18,50,4,112,2,36236,900,1,0,0,100,0,0,0,0,2,,5,7,1,0,0,1,0,0,0,3,,233,,294,,302,100.0,0.0,0.0,2,3,3,3,2,2,9,7,6,7,6,8,1,1,1,1,1,1,0,0,0,0,2,0,0,0,0,4,4,4,4,4,65,33,65,2,2,2,13.0,1,1,1,8,12,35,0,0,7,7,55,55,3,3,2,0,33,22,8,0,55500,45000,2,4,1,1,0,0,0,0,1,1,3,2,,2,0,0,0,150,0,60,0,0,0,1,0,0,0,0,0,0,0,0,0,1,0,0,0,0,0,1,0,0,0,0,0,5.0,7,0,16,50,8,45,1,,18,0,21,0,1,1,0,0,0,0,30,2,3,2,1,2,1,2,3,2,2,1,1,1,1,1,2,,,,,,2,,1,0,0,0,0,0,0,1,0,1,2,1,1,1,0,1,1,1,1,0,0,1,1,1,1,0,0,0,1,1,1,1,0,1,0,0,0,0,0,3,3,2,3,2,2,330,,9,38,,9,190,,9,55,,9,47,,9,2,2008,1,1970,1,5,1,1,1988,2,,1,20,26,18,12,0,1,0,0,0,1,1,1,1,1,1,0,1,0,1,0,1,0,1
68,17,1,,,1,4,2,2,1,300,2,180,12,3,3,3,2,,3,3,2,1,1,48,53,4,180,2,68793,1060,1,0,0,100,0,0,0,0,2,,5,7,1,0,0,1,1,0,0,2,9,452,10,551,12,623,90.0,10.0,0.0,2,3,3,3,2,2,9,10,7,7,6,8,2,2,2,2,2,2,0,1,5,4,3,9,6,0,2,2,4,4,4,4,130,63,130,0,4,3,12.5,1,1,1,8,15,107,0,0,16,16,112,112,2,2,6,0,60,49,15,0,54000,40000,2,4,1,1,0,0,0,0,1,1,25,1,5,2,0,0,0,0,0,,0,0,,,,,,,,,,,,1,0,1,0,0,0,1,0,0,0,0,0,5.0,7,30,17,0,7,45,1,2,,,,,,1,0,0,0,0,30,1,1,1,1,1,1,1,1,1,1,1,1,1,1,3,2,,,,,,2,,0,1,0,0,0,0,0,0,1,1,2,1,1,1,0,1,1,1,1,0,0,0,1,1,0,0,0,0,0,1,1,0,0,0,0,0,1,0,0,3,3,2,3,2,3,640,70,,178,17,,320,34,,91,9,,,,,1,2012,1,1979,1,5,1,1,1998,2,,1,15,18,18,11,0,0,0,1,0,1,1,1,1,1,1,0,1,0,1,0,1,0,1
69,18,1,,,1,4,2,2,1,300,1,64,12,2,3,3,2,2,3,3,2,1,1,10,72,4,30,2,21482,83,1,100,0,0,0,0,0,0,2,,4,7,1,0,0,0,0,1,0,2,3,230,2,151,2,137,100.0,0.0,0.0,3,2,2,2,3,3,9,7,8,99,99,99,2,2,2,2,2,2,1,2,3,1,3,2,2,5,2,4,4,4,4,4,49,19,49,0,0,0,15.0,2,1,2,0,4,45,0,0,12,12,37,37,0,0,0,0,9,32,8,0,31000,26000,2,3,1,1,0,0,0,0,1,1,8,1,1,2,0,0,76,0,0,0,0,0,,1,0,0,0,0,0,0,0,0,0,1,0,1,0,0,0,1,0,1,0,0,0,5.0,6,0,20,40,11,45,1,1,18,40,20,30,1,1,0,0,0,0,15,1,2,1,1,2,1,1,1,1,1,1,1,1,1,3,1,1,0,0,1,0,1,4,1,1,1,0,0,0,0,1,1,1,1,2,1,2,0,1,1,1,1,0,0,1,1,1,1,0,0,0,1,1,1,1,0,0,0,0,0,0,1,2,2,2,2,3,2,121,,9,46,,9,64,,9,11,,9,10,,9,1,2008,1,1971,1,5,1,1,1991,2,,1,23,23,18,18,0,1,0,0,0,0,0,1,1,1,1,1,1,1,1,1,1,1,1
70,18,1,,,2,4,1,2,1,250,1,134,12,3,3,2,2,1,2,2,2,1,1,78,70,3,32,2,16000,,4,100,0,0,0,0,0,0,2,,4,7,1,0,0,0,0,0,0,1,4,310,4,270,4,259,100.0,0.0,0.0,2,3,3,3,3,3,9,,,7,9,6,1,1,1,2,1,1,0,4,12,2,3,13,5,0,6,3,4,4,4,4,67,21,67,0,0,0,12.522388059701493,1,1,2,8,3,55,0,0,32,32,34,34,0,0,2,0,10,33,21,0,30000,24000,2,3,1,1,0,0,0,0,1,1,2,1,1,1,0,0,0,0,0,0,0,0,0,1,0,0,0,0,0,0,0,0,0,1,0,1,0,0,0,0,0,0,0,0,1,5.0,,,,,9,45,1,1,,,20,50,1,1,0,0,0,0,30,1,1,1,1,1,1,1,1,1,1,1,1,1,1,3,1,1,0,0,1,0,1,4,1,1,0,0,0,0,0,0,1,1,2,1,1,2,0,1,1,1,1,0,0,1,1,1,0,0,0,0,0,1,1,0,0,0,0,0,0,1,0,3,1,1,2,1,2,230,,9,86,,9,80,,9,30,,9,24,,9,1,2006,1,1957,1,4,1,1,1980,2,,1,10,38,8,30,0,0,0,0,0,1,1,0,1,0,1,0,0,0,1,0,1,0,1
71,18,1,,,2,3,2,2,1,300,1,78,16,3,1,1,3,2,2,2,3,1,1,54,55,4,0,2,,830,1,,,,,,,,2,,5,7,1,1,0,0,0,0,0,2,3,223,3,214,4,202,,1.0,0.0,2,2,2,2,2,3,9,6,10,1,,,2,2,2,2,2,2,,,21,,,5,,,11,3,3,1,1,4,52,20,52,0,2,4,12.307692307692308,,,,5,12,25,0,0,13,13,28,28,1,1,3,,13,20,6,,36000,24000,2,3,1,1,0,0,0,0,1,1,5,1,2,1,0,0,0,0,0,0,0,0,0,1,0,0,0,0,0,0,0,0,0,1,0,0,0,0,0,1,0,0,0,0,0,5.0,6,0,20,40,8,45,1,1,18,30,20,40,1,1,0,0,0,0,30,3,2,1,1,1,3,1,1,2,1,1,1,1,1,3,1,1,0,1,0,0,1,4,1,0,0,0,0,0,0,1,0,1,1,1,1,2,0,1,1,0,1,0,0,0,0,1,0,0,0,0,0,0,1,0,0,0,0,0,1,0,0,2,1,1,2,1,2,148,,,22,,,82,,,10,,,34,,,1,2014,1,1971,1,4,1,1,1989,2,,1,24,25,20,8,0,1,1,0,0,0,0,0,0,1,1,0,1,0,1,1,1,1,1
72,18,1,,,2,2,2,2,1,300,2,56,4,3,1,2,1,1,3,2,2,1,1,22,45,2,0,2,5200,830,4,100,0,0,0,0,0,0,2,,5,7,1,0,0,1,0,0,0,1,2,63,2,86,2,73,100.0,0.0,0.0,2,9,9,9,2,2,10,9,7,99,99,99,9,9,9,9,9,9,,3,,,8,,,4,,4,4,2,1,4,23,12,23,0,5,1,,3,3,3,2,6,15,0,0,2,2,21,21,0,0,0,0,8,9,6,0,2500,2200,1,3,1,1,0,0,0,0,1,1,16,1,2,1,0,0,0,0,0,0,0,0,0,0,0,0,0,0,0,0,0,0,1,0,0,0,0,0,1,0,0,0,0,0,1,5.0,,,,,7,45,1,1,18,10,19,50,1,1,0,0,0,0,90,2,1,1,2,1,1,1,1,2,1,1,1,1,1,1,1,,0,0,1,0,1,4,1,0,0,0,0,0,0,1,0,1,2,1,1,1,0,1,0,0,1,0,0,0,0,1,0,0,0,0,0,0,1,0,0,1,0,1,1,0,0,1,3,1,3,3,1,63,,9,14,,9,26,,9,14,,9,9,,9,1,2013,1,1970,1,4,1,1,1996,1,8,1,10,21,5,6,0,1,0,0,0,0,1,1,0,0,1,0,1,0,1,0,1,0,1
73,19,3,,,1,4,2,2,2,,1,60,10,2,2,1,1,2,1,2,2,1,1,14,66,4,60,1,,630,1,10,0,0,20,0,0,70,2,,4,4,1,0,0,0,0,1,0,3,4,235,3,195,2,141,93.0,7.0,0.0,3,3,3,3,3,3,1,7,9,1,5,9,2,3,2,2,1,3,8,3,6,10,2,11,20,0,4,3,3,2,1,4,32,11,21,0,0,4,20.0,2,2,3,4,12,16,0,0,15,12,17,17,,,4,4,8,12,4,,35000,31000,1,3,1,2,0,0,0,0,1,1,2,1,1,2,1200,0,0,0,0,20,900,0,,1,0,0,0,0,0,0,0,0,0,1,0,1,0,0,0,1,0,1,0,0,0,5.0,,,,,12,45,1,1,18,30,19,50,1,1,0,0,0,0,100,3,2,2,2,3,3,2,1,2,1,1,2,1,1,4,1,3,0,0,1,0,1,4,1,1,1,0,0,0,0,1,0,1,2,1,1,1,0,1,1,1,1,0,0,0,0,1,0,0,0,0,0,1,0,0,0,1,0,0,1,0,0,2,2,2,3,2,2,104,2,,28,1,,70,1,,2,0,,1,,,2,2008,1,1970,1,4,1,2,,2,,1,20,20,8,8,0,0,0,1,0,1,0,1,1,0,0,0,0,0,1,0,1,1,0
74,19,3,,,1,5,1,2,1,400,1,570,12,3,3,3,3,3,3,3,3,1,1,120,50,4,150,2,15000,760,1,,,,,,,,1,2013,3,7,1,0,0,0,0,0,0,1,28,1437,17,941,14,806,70.0,25.0,5.0,3,2,3,3,4,4,7,6,9,7,6,4,2,2,2,2,2,2,36,82,179,28,64,158,11,23,87,3,1,2,2,3,154,62,154,0,21,48,20.0,2,2,1,71,63,20,0,0,32,32,119,101,3,2,0,21,87,36,10,0,63000,70000,1,4,1,2,0,0,0,0,1,1,8,1,2,2,2600,0,0,90,0,0,1260,0,0,1,0,0,0,0,0,0,0,0,0,1,0,0,0,0,0,1,0,0,0,0,0,5.0,7,0,20,30,11,45,1,1,18,10,20,30,1,1,0,0,0,0,20,2,2,1,1,1,2,1,2,2,1,1,1,1,1,3,1,1,0,0,1,0,1,4,1,1,1,0,0,0,0,1,0,1,2,1,1,1,0,1,1,1,1,0,0,1,1,1,1,0,0,0,0,1,1,0,0,0,1,0,0,0,0,3,3,3,3,2,2,480,280,,226,110,,181,129,,31,18,,42,23,,2,2013,1,1981,1,6,1,1,2002,2,,1,8,12,2,8,0,1,0,1,0,0,0,0,0,1,1,0,0,0,1,0,1,0,1
75,19,1,,,2,4,2,2,1,200,1,110,8,3,2,3,3,3,3,3,3,1,1,54,50,4,0,2,21360,800,4,100,0,0,0,0,0,0,2,,4,7,1,0,0,1,1,1,0,3,4,290,5,296,3,185,100.0,0.0,0.0,2,9,9,9,3,4,9,8,7,99,99,99,9,9,9,9,9,9,2,4,15,3,3,8,1,2,4,3,3,2,3,4,72,31,72,0,2,0,16.0,2,1,3,16,2,54,0,0,47,36,25,12,0,0,0,0,20,43,9,0,28000,20000,2,3,1,2,0,0,0,0,1,1,15,1,2,2,0,0,0,0,0,0,0,0,0,0,0,0,0,0,0,0,0,0,1,1,0,1,0,0,0,0,0,0,0,0,1,5.0,7,0,17,30,8,45,2,2,,,,,2,1,0,0,0,0,20,1,2,1,1,1,1,1,1,1,1,1,1,1,1,3,1,1,0,0,1,0,1,4,1,0,0,0,0,0,0,1,0,2,2,1,1,1,1,0,0,0,2,0,0,1,1,1,0,0,0,0,0,1,1,1,0,1,0,0,1,0,0,2,2,1,2,1,1,173,,9,32,,9,83,,9,50,,9,8,,9,1,2012,1,1966,1,4,1,1,1986,2,,1,26,28,28,10,1,1,1,1,1,0,0,0,1,0,1,1,0,0,1,0,1,0,1
76,19,1,,,1,4,2,2,1,300,2,71,8,2,3,2,1,1,2,2,2,1,1,54,50,3,30,2,20000,800,1,100,0,0,0,0,0,0,2,,5,7,1,1,0,1,0,0,0,3,5,230,5,210,3,190,,1.0,0.0,1,3,3,3,3,3,9,7,6,9,7,6,2,2,2,2,2,2,0,15,11,5,1,2,13,0,3,4,2,1,3,3,65,41,65,0,0,0,12.0,3,3,3,2,3,60,0,16,40,40,9,9,0,0,2,0,25,25,13,0,2600,2000,1,3,1,1,0,0,1,0,0,1,3,1,1,1,0,0,0,0,0,0,0,0,0,1,0,0,0,0,0,0,0,0,0,1,0,1,0,0,0,1,0,1,0,0,0,5.0,6,40,19,0,9,40,1,1,17,40,19,0,1,1,0,0,0,0,50,3,2,2,3,2,2,2,2,3,2,1,2,1,1,1,1,1,1,0,0,0,1,4,1,0,0,0,0,0,0,0,1,1,1,3,3,3,1,0,0,0,1,0,0,1,1,1,1,0,0,0,1,1,1,1,0,1,0,1,1,1,0,1,1,1,1,1,1,145,1,,33,0,,75,0,,32,0,,5,0,,2,2010,1,1976,3,4,1,1,1999,2,,1,10,15,15,4,1,0,1,1,1,1,0,0,1,0,0,1,1,1,1,0,1,0,1
77,20,1,,,1,4,2,2,1,400,3,170,8,3,3,3,3,3,3,3,3,3,1,66,56,4,240,2,150000,1950,1,,,100,,,,,2,,3,4,1,0,0,1,0,1,0,2,8,322,9,396,9,392,73.0,24.0,3.0,2,3,3,3,3,4,7,6,4,7,6,10,1,1,1,1,1,1,,,1,,,1,,,0,4,3,4,4,4,94,39,94,0,0,0,12.0,1,1,1,0,32,62,0,0,0,0,88,87,6,6,0,0,23,45,26,0,150000,145000,1,4,1,1,0,0,0,0,1,1,5,1,2,1,0,0,0,0,0,0,0,0,0,,,,,,,,,,,1,0,1,0,0,0,1,0,1,0,0,0,0.5,7,10,17,10,8,40,2,,,,,,,1,0,0,0,0,3,1,2,1,1,2,1,1,1,1,1,1,1,1,1,3,1,1,,,,,2,,,,,,,0,0,0,1,1,2,1,1,1,0,1,1,0,1,0,0,0,1,1,1,0,0,0,0,1,1,0,0,0,0,0,0,0,1,3,4,1,2,2,2,310,87,,115,52,,263,73,,39,5,,8,9,,1,2014,1,1968,1,6,1,1,1992,2,,1,22,23,1,13,0,1,0,0,0,0,1,0,1,0,0,0,1,1,1,1,1,0,1
78,20,1,,,1,5,2,2,1,300,2,50,10,3,3,3,3,3,3,3,3,3,3,68,50,4,180,2,90000,1250,3,10,20,40,,10,20,,2,,1,6,1,0,0,1,0,1,0,2,13,650,13,650,13,650,95.0,3.0,2.0,2,4,4,4,3,4,6,7,9,7,6,2,2,2,2,2,2,2,0,0,0,0,0,1,0,0,1,2,4,4,4,4,141,45,141,4,1,0,13.0,1,1,1,0,40,101,,,2,2,129,129,10,10,,,39,74,27,0,170000,160000,2,4,1,1,0,0,0,0,1,1,3,1,1,1,0,0,0,400,0,0,0,500,,1,0,0,0,0,0,0,0,0,0,1,0,0,0,0,0,1,0,0,0,0,0,5.0,7,40,17,10,8,40,2,,,,,,,1,0,0,0,0,20,1,1,1,1,1,3,1,1,1,1,1,1,1,1,3,2,,,,,,2,,1,1,0,0,0,0,0,1,0,1,2,1,1,1,0,1,1,1,1,0,0,0,1,1,1,0,0,0,0,1,1,1,0,0,0,0,0,1,0,3,4,2,2,2,3,600,50,,318,30,,267,20,,15,0,,0,0,,1,2009,1,1971,1,5,1,1,1994,2,,1,20,26,12,10,0,1,0,0,0,0,0,,,,,,,,1,0,1,1,1
79,20,1,,,1,3,2,2,1,300,2,270,6,3,3,3,3,2,3,3,3,1,1,24,48,4,120,2,35860,1750,1,12,28,60,,0,0,0,2,,5,7,1,0,0,0,1,1,0,2,5,244,6,268,5,227,68.0,15.0,17.0,2,3,3,2,2,3,6,9,7,7,6,10,2,3,3,3,3,2,0,0,0,0,2,0,0,3,0,3,4,4,4,4,57,35,57,0,0,0,13.0,1,1,1,0,0,57,0,0,7,7,50,50,0,0,0,0,6,45,6,0,152000,126000,2,4,1,1,0,0,0,0,1,1,32,1,6,2,0,0,0,0,0,50,0,0,0,1,0,0,0,0,0,0,0,0,0,1,0,1,0,0,0,1,0,0,0,0,0,5.0,7,10,17,30,9,40,1,2,19,30,21,30,1,0,0,0,0,1,34,1,2,1,1,1,1,1,1,1,1,1,1,1,1,3,1,1,0,0,1,0,2,,1,1,1,0,0,0,0,0,1,1,2,1,1,2,0,1,1,1,1,0,0,1,1,1,1,0,0,0,0,1,1,1,0,1,0,1,0,0,0,3,4,3,2,2,2,267,,,70,3,,93,9,,68,24,,0,0,,1,2009,1,1958,1,5,1,1,32,2,,1,17,35,6,23,0,1,0,1,0,0,0,0,0,1,1,0,1,0,1,1,1,0,1
80,20,1,,,1,3,2,2,1,400,3,0,0,3,3,3,3,2,3,1,3,1,1,21,45,3,104,2,,1050,1,,,,0,,0,,2,,3,7,1,0,0,1,0,1,0,2,5,201,5,221,5,223,72.0,20.0,8.0,1,4,4,4,3,3,7,8,10,7,6,4,3,3,3,3,2,3,,2,,,1,,,3,,3,3,2,3,3,50,35,50,0,0,0,13.0,2,2,3,3,11,36,,,1,1,46,46,3,3,,1,21,23,5,0,120815,113262,2,4,1,1,0,0,0,0,1,1,2,1,1,1,0,0,0,0,0,60,0,0,,1,0,0,0,0,0,0,0,0,0,1,0,0,0,0,0,1,0,0,0,0,0,5.0,7,35,17,30,7,40,2,2,,,,,2,1,0,0,0,0,11,3,2,1,1,1,2,1,1,1,1,1,1,1,1,1,1,1,0,0,1,0,2,,1,0,0,0,0,0,0,1,0,1,2,2,1,2,0,1,0,0,1,0,0,0,1,1,0,0,0,0,0,1,1,0,0,1,1,0,0,0,0,2,2,1,2,2,2,173,47,,25,8,,68,12,,89,25,,1,2,,2,2012,1,1975,1,5,1,1,,2,,1,16,19,19,3,0,0,1,0,1,0,1,1,1,0,0,0,0,0,1,0,1,0,0
81,21,1,,,2,4,2,1,2,,2,64,8,2,2,2,1,1,2,3,3,1,1,24,45,3,30,2,16800,700,1,0,0,100,0,0,0,0,2,,5,7,1,1,0,1,1,1,0,2,4,160,3,156,3,134,90.0,10.0,0.0,3,3,3,3,3,3,7,2,6,,,,2,1,2,2,1,1,998,998,998,998,998,998,998,998,998,4,4,3,3,4,51,23,47,0,0,0,8.8,2,1,3,7,0,44,0,4,6,6,39,39,0,0,3,6,6,29,7,0,36000,25000,2,3,1,2,0,0,1,1,0,1,10,1,2,1,0,0,106,0,0,105,0,0,0,1,0,0,0,0,0,0,0,0,0,1,0,1,0,0,0,1,0,1,0,0,0,5.0,,,,,7,45,1,1,18,30,20,40,1,1,0,0,0,0,20,3,1,1,1,2,2,2,2,2,1,1,2,1,1,3,1,1,0,0,1,0,2,4,1,0,0,0,0,0,0,0,1,2,2,2,1,3,0,1,1,1,2,0,0,0,1,1,1,0,0,0,0,1,1,1,0,1,0,0,1,0,0,3,3,1,3,1,3,167,10,,24,0,,102,8,,27,2,,14,0,,3,2008,2,1966,1,5,1,1,1987,2,,1,28,28,18,14,0,1,1,0,1,1,1,0,1,1,0,0,1,1,1,1,1,0,1
82,21,1,,,2,4,2,2,1,,1,130,6,3,2,2,2,2,2,3,2,1,1,24,50,4,26,2,216780,400,1,80,15,5,0,0,0,0,2,,4,7,1,1,0,1,1,0,0,2,5,241,6,256,6,274,100.0,0.0,0.0,2,9,9,9,3,5,9,10,8,99,99,99,9,9,9,9,9,9,0,2,3,0,4,6,0,2,3,4,4,4,1,4,73,34,73,0,2,0,10.0,1,1,2,5,0,69,0,2,3,3,70,70,0,0,0,0,15,49,7,0,40000,30000,2,4,1,1,0,0,0,0,1,1,12,2,,2,0,0,120,0,0,70,800,0,0,1,0,0,0,0,0,0,0,0,0,1,0,1,0,0,0,0,0,0,0,0,1,5.0,6,20,21,0,7,45,1,1,18,20,20,40,1,1,0,0,0,0,40,2,2,1,1,1,1,1,1,2,1,1,1,1,1,3,1,1,0,0,1,0,2,,1,0,0,0,0,1,0,0,0,1,2,1,1,1,0,1,1,1,1,0,1,1,1,1,1,0,0,0,1,1,1,1,0,1,0,1,1,0,0,3,3,1,3,3,2,246,,9,53,,9,89,,9,104,,9,0,,9,1,2010,1,1973,1,5,1,1,1997,2,,1,13,17,17,8,1,1,0,0,0,1,1,1,1,1,1,0,1,0,1,0,1,0,1
83,21,1,,,1,4,2,2,1,200,1,40,12,2,2,1,1,1,1,2,2,1,1,15,45,4,40,2,12000,800,1,100,0,0,0,0,0,0,2,,5,7,1,0,0,0,0,0,0,2,3,135,3,129,3,141,,1.0,0.0,2,3,3,3,3,2,9,7,10,7,,,2,2,2,2,1,2,2,1,6,1,1,3,0,0,1,4,4,4,4,4,47,26,47,0,2,3,8.6,2,2,3,5,0,42,0,0,9,9,38,38,0,0,3,0,6,32,6,0,41000,30000,1,4,1,2,0,0,0,0,1,1,13,1,5,2,0,0,198,65,0,105,1200,0,0,1,0,0,0,0,0,0,0,0,0,1,0,1,0,0,0,1,0,1,0,0,0,5.0,,,,,10,45,1,1,18,40,21,50,1,1,0,0,0,0,50,3,1,1,1,1,1,2,2,2,1,1,1,1,1,3,1,1,0,0,1,0,2,,1,0,0,0,0,1,0,0,0,2,1,2,1,2,0,1,1,1,1,0,0,0,1,1,1,0,0,0,0,1,1,1,0,1,0,1,1,0,0,1,3,1,1,1,1,154,1,,28,,,58,,,13,1,,54,,,3,2014,1,1976,3,6,1,1,2001,2,,1,15,15,15,0,1,1,1,1,1,1,1,1,1,1,1,1,1,1,1,0,1,0,0
84,21,2,,,1,4,2,,1,300,2,36,6,1,1,1,1,1,1,3,3,1,1,9,58,,0,1,,0,3,0,0,0,100,0,0,0,2,,1,2,1,0,1,1,0,0,0,2,1,50,1,54,1,64,92.0,4.0,4.0,2,3,3,3,3,3,9,7,6,7,8,9,2,2,2,2,2,2,0,5,15,0,8,4,0,0,0,3,3,3,2,3,11,5,11,0,0,0,15.0,2,2,2,0,5,6,0,0,4,4,7,7,0,0,0,2,4,5,0,0,0,2000,2,3,1,2,0,0,0,0,1,1,3,2,,2,1800,0,100,0,0,70,1300,150,0,1,0,0,0,0,0,0,0,0,0,1,0,1,0,0,0,1,0,1,0,0,0,5.0,7,0,17,0,7,40,1,1,19,0,22,0,1,1,0,0,0,0,30,2,2,2,2,2,3,2,2,2,1,1,2,1,1,3,1,1,0,0,1,0,1,5,1,0,0,0,0,0,0,1,0,2,2,1,1,1,0,1,1,1,0,0,0,1,1,1,0,0,0,0,0,1,1,1,0,1,0,0,1,0,0,2,2,1,1,1,2,67,2,,7,0,,34,1,,21,1,,5,0,,4,2012,1,1968,3,6,1,1,1991,2,,1,20,23,4,3,0,0,0,0,0,1,1,1,1,1,0,0,1,0,1,1,1,0,1
85,22,1,,,1,2,2,2,1,200,2,180,20,3,3,3,3,3,3,3,3,3,1,58,50,4,300,2,32000,1500,1,,100,,0,0,0,0,1,2011,1,4,1,1,0,1,1,1,0,2,10,493,10,484,10,518,90.0,8.0,2.0,3,3,4,3,4,2,9,7,10,9,7,10,3,3,3,3,3,3,0,3,2,0,0,4,0,0,0,3,4,4,4,4,86,27,86,8,4,4,18.0,1,1,1,4,10,72,0,0,0,0,86,86,0,0,0,0,6,61,19,0,60000,50000,1,4,1,1,0,0,0,0,1,1,5,1,2,1,0,0,0,150,0,0,0,0,0,1,0,0,0,0,0,0,0,0,0,1,0,1,0,0,0,1,0,1,0,0,0,0.5,7,15,17,20,35,40,2,2,,,,,,1,0,0,0,0,20,2,2,1,2,1,2,1,1,1,1,1,2,1,1,3,1,1,0,0,1,0,2,,1,1,0,1,0,0,0,0,1,1,2,1,1,1,0,1,1,1,1,0,0,0,1,1,1,0,0,0,0,1,1,1,0,1,0,0,0,0,0,2,4,2,2,2,2,480,30,,38,12,,210,14,,170,4,,60,0,,2,2009,1,1966,1,6,1,1,1989,2,,1,5,31,31,12,0,0,0,0,0,1,0,0,1,0,1,0,0,0,1,0,1,0,1
86,22,1,,,1,3,1,2,1,220,3,0,,2,2,2,2,2,2,1,2,1,1,27,50,3,100,2,35000,1300,1,,100,,,,,,2,,1,2,1,0,0,1,0,0,0,3,9,434,7,328,7,313,28.0,49.0,23.0,3,2,2,2,2,3,10,7,8,10,7,8,1,1,1,1,1,1,1,20,3,3,37,2,2,21,0,3,3,2,4,3,60,26,60,9,3,3,18.0,2,2,2,5,3,52,0,,6,5,54,54,,,2,1,27,23,7,,,,2,4,1,1,0,0,0,0,1,1,6,1,1,1,0,0,0,,0,0,0,0,,1,0,0,0,0,0,0,0,0,0,1,0,0,0,0,0,1,0,0,0,0,0,5.0,7,40,17,20,7,40,2,,,,,,,1,0,0,0,0,35,2,2,2,2,2,1,1,1,1,1,1,2,1,1,1,1,1,0,0,1,0,2,,1,0,0,0,0,0,0,0,1,1,2,1,1,2,0,1,1,1,1,0,1,0,1,0,0,1,0,0,0,1,1,0,1,1,1,0,0,0,0,2,2,1,2,1,1,62,193,,3,7,,36,57,,20,98,,4,31,,2,,1,1968,1,5,1,1,1994,2,,1,15,25,25,10,1,1,1,1,0,1,0,0,0,1,1,0,1,0,1,0,1,0,1
87,22,1,,,1,2,1,2,1,280,2,36,8,2,2,2,2,1,1,1,2,1,1,12,50,2,50,2,10000,1150,1,,100,0,0,0,0,0,2,,5,7,1,0,0,1,1,1,0,2,2,84,2,77,2,49,88.0,2.0,10.0,1,1,2,2,2,2,9,10,7,9,10,,1,1,2,1,1,1,0,4,5,0,1,6,0,0,0,4,3,2,3,3,26,15,26,0,1,0,12.0,3,2,3,0,2,24,0,0,16,2,10,8,0,0,0,0,17,7,2,0,70000,3900,1,4,1,1,0,0,0,0,1,1,5,1,1,1,0,0,0,78,0,5,0,0,0,0,0,0,0,1,0,0,0,0,0,1,0,0,0,0,0,1,0,0,0,0,0,5.0,7,25,17,0,9,40,2,2,,,,,2,1,0,0,0,0,60,3,2,2,3,1,1,1,2,2,1,1,2,1,1,1,1,1,0,0,1,0,2,,1,0,0,0,0,1,0,0,0,2,2,1,1,1,0,1,1,1,1,0,0,1,1,0,0,0,0,0,0,0,1,0,1,1,0,1,0,0,0,2,2,1,2,1,1,71,4,,1,0,,7,0,,52,0,,11,4,,1,2014,1,1961,1,5,1,1,,2,,1,,34,1,10,0,1,0,0,0,0,1,1,1,1,1,1,1,0,1,1,0,0,1
88,22,1,,,1,2,2,1,1,160,3,0,,2,2,2,2,2,2,1,2,1,1,21,50,3,165,2,28000,1300,1,,,,,,,,2,,3,2,1,0,0,1,1,0,0,2,4,210,3,171,2,92,32.0,58.0,10.0,2,4,3,4,2,3,9,10,8,10,8,9,3,1,2,3,2,1,,,,,,,,,,3,3,2,4,4,27,16,27,5,0,0,18.0,2,1,2,1,0,26,0,0,2,2,25,25,0,0,0,0,13,9,5,0,70000,50000,2,4,1,1,0,0,0,0,1,1,4,1,4,1,0,0,0,0,0,0,0,0,0,1,0,0,0,0,0,0,0,0,0,1,1,0,0,0,0,1,1,0,0,0,0,5.0,7,20,17,30,7,40,2,,,,,,,1,0,0,0,0,50,2,2,1,1,1,1,1,2,2,1,1,2,1,1,1,1,1,0,0,1,0,2,,1,1,0,0,0,0,0,0,1,2,2,1,1,1,0,1,1,0,1,0,1,0,1,1,1,0,0,0,0,1,1,0,0,1,1,0,0,0,0,2,3,2,2,1,2,,,,,,,,,,,,,,,,1,2004,1,1969,1,5,1,1,1994,2,,1,13,25,12,16,0,1,0,0,0,0,1,1,0,0,1,0,1,0,1,1,1,0,1
89,23,1,,,2,3,1,2,1,,2,168,6,3,3,3,3,3,2,3,3,1,1,48,50,4,200,2,50000,800,1,,,,0,0,0,,2,,1,4,1,0,0,0,0,1,0,2,8,400,8,400,8,360,48.0,51.0,1.0,2,2,2,2,2,2,7,10,6,10,9,7,1,1,1,1,1,1,,,,,,,,,,1,,,1,,80,30,80,6,,6,6.666666666666667,1,2,1,,,,,,,,,,,,,,,,,,,,2,4,1,2,0,0,0,0,1,1,,1,,1,0,0,0,,0,,,,,,,,,,,,,,,,,,,,,,,,,,,5.0,8,5,17,25,8,40,1,2,,,,,,1,0,0,0,0,20,3,2,1,1,1,1,1,2,1,1,1,2,1,1,3,2,,,,,,2,,1,1,0,0,0,0,0,0,1,1,2,1,2,1,0,1,1,0,1,0,0,1,1,0,0,0,0,0,1,1,0,0,0,1,0,0,0,0,0,3,3,3,2,2,2,,,,,,,,,,,,,,,,2,2011,1,1969,1,5,1,1,1990,2,,1,20,25,25,5,0,1,0,0,0,1,1,1,1,1,1,1,1,1,1,1,1,0,1
90,23,1,,,2,4,2,2,1,200,3,0,0,3,3,3,3,3,3,3,3,3,1,48,55,4,250,2,56000,,1,0,0,100,0,0,0,0,2,,1,5,1,0,1,1,1,1,0,2,10,502,11,610,12,608,88.0,10.0,2.0,1,2,2,1,2,2,7,8,6,10,9,7,1,2,2,2,1,1,0,0,3,0,2,2,0,4,0,4,3,4,3,4,132,38,132,3,0,3,12.5,1,1,1,0,20,112,0,0,1,1,126,120,6,4,3,0,44,49,36,0,60000,50000,2,4,1,2,0,0,0,0,1,1,80,1,5,1,0,0,0,0,0,50,600,0,0,1,0,0,0,0,0,0,0,0,0,1,0,1,0,0,0,1,0,1,0,0,0,5.0,7,50,17,50,8,40,2,,,,,,,0,0,0,1,0,10,2,1,1,1,1,1,1,1,1,1,1,1,1,1,1,2,,,,,,2,,1,1,0,0,0,0,0,0,1,2,2,1,1,1,0,1,1,0,1,0,0,0,1,1,0,0,0,0,0,1,1,0,0,0,0,0,0,1,0,3,4,3,4,4,3,308,154,,170,42,,130,61,,31,28,,0,0,,1,2010,2,1963,1,5,1,1,1999,2,,1,12,32,5,13,0,1,0,0,0,0,1,1,0,0,0,1,0,1,1,0,1,0,1
91,23,1,,,1,4,2,2,1,200,3,0,0,3,3,2,2,2,2,1,2,1,1,30,42,4,110,2,26175,1800,1,,,100,,,,,1,2009,1,2,1,0,0,1,0,1,0,2,6,210,6,235,5,209,59.0,35.0,6.0,2,3,3,2,3,2,6,7,5,7,8,10,2,1,1,1,1,2,0,1,0,0,3,5,0,3,25,4,2,2,2,3,83,41,78,1,3,2,7.879518072289157,1,1,1,2,0,81,2,4,26,26,48,48,1,0,1,0,8,31,43,,60000,55000,2,4,1,2,0,0,0,0,1,1,20,1,2,1,0,0,,,,,,0,,1,0,0,0,0,0,0,0,0,0,1,0,0,0,0,0,1,0,0,0,0,0,5.0,8,30,17,10,8,40,2,2,,,,,2,1,0,0,0,0,5,2,2,2,3,1,1,1,2,1,1,1,2,2,1,1,1,1,0,0,1,0,2,,1,1,0,0,0,0,0,0,1,1,2,1,1,1,0,1,1,1,1,0,0,1,1,1,0,0,0,0,0,1,1,0,0,1,0,0,1,1,0,4,2,4,3,1,3,,,,79,9,,,,,,,,,,,2,2014,1,1972,1,6,1,1,1993,1,5,1,14,22,1,4,0,1,1,0,0,0,0,1,0,0,1,1,0,0,1,0,1,0,1
92,23,1,,,2,4,2,2,1,200,3,0,,3,3,3,3,3,3,3,3,3,1,28,45,4,100,,,,,,,,,,,,1,2007,1,1,1,0,0,1,1,1,0,2,7,300,7,320,7,290,85.0,10.0,5.0,2,3,3,3,3,3,7,8,10,10,7,6,2,2,2,2,2,2,0,,,0,,,0,,,3,4,3,3,3,85,30,85,10,2,0,,1,1,1,3,30,60,,,3,3,80,80,2,2,,,22,25,38,,50000,40000,1,4,1,2,0,0,0,0,1,1,50,1,2,1,0,0,0,0,0,0,580,0,,1,0,0,0,0,0,0,0,0,0,1,0,0,0,0,0,1,0,0,0,0,0,5.0,7,50,17,0,7,40,2,,,,,,,0,0,0,0,1,30,2,1,1,1,1,1,1,1,1,1,1,1,1,1,3,2,,,,,,2,,1,0,0,0,0,0,0,0,1,1,2,1,1,1,0,1,1,1,1,0,0,1,1,1,0,0,0,0,0,1,1,0,0,0,0,0,0,0,1,3,3,3,3,3,3,,,,,,,,,,,,,,,,4,2013,2,1971,3,5,1,1,1996,2,,,,22,22,,0,0,1,0,0,1,0,0,0,1,0,0,0,0,1,1,1,0,1
93,24,1,,,2,5,2,2,1,200,3,0,0,3,3,3,3,2,3,1,2,1,1,36,50,4,240,2,80000,1200,,0,0,100,0,0,0,0,1,,1,1,1,1,0,1,1,1,1,2,11,521,11,541,11,569,,2.0,0.0,2,3,3,2,3,3,6,8,7,6,8,7,2,2,2,2,2,2,0,0,0,0,2,1,0,0,1,3,4,4,3,4,140,34,139,2,2,2,12.0,3,3,3,8,21,111,0,0,2,2,135,135,3,3,0,0,33,73,34,0,50000,35000,2,4,1,2,0,0,0,0,1,1,4,1,2,2,0,0,0,0,0,120,616,0,0,1,0,0,0,0,0,0,0,0,0,1,0,0,0,0,0,1,0,0,0,0,0,5.0,8,0,17,30,9,40,2,,,,,,,0,0,0,1,0,,1,1,1,1,3,1,1,1,1,1,1,2,1,1,2,2,,,,,,2,,0,1,0,0,0,0,0,1,0,2,2,1,2,3,0,1,0,0,1,0,0,1,1,1,1,0,0,0,0,1,1,1,0,0,0,0,0,0,1,3,4,3,4,3,4,569,13,,279,,,,,,,,,0,0,,2,2014,1,1972,1,6,1,1,1995,2,,1,20,20,20,5,0,1,0,0,0,0,1,1,1,1,1,1,1,1,1,1,1,0,1
94,24,1,,,1,3,2,2,1,253,2,,,2,2,2,2,3,2,2,2,1,1,56,50,4,273,2,30000,,,,,,,,,,1,2013,1,2,1,1,0,1,1,1,1,2,8,,10,,11,,76.0,23.0,1.0,2,1,3,2,2,2,9,7,6,9,8,7,3,1,2,2,3,3,0,4,1,0,6,1,0,10,0,3,2,3,2,2,106,43,106,6,1,1,13.0,1,1,1,15,43,41,0,1,10,10,97,94,1,1,1,,31,52,15,,,,1,4,1,1,0,1,0,1,0,1,20,1,2,1,0,0,120,0,0,0,0,0,0,1,0,0,0,0,0,0,0,0,0,1,0,0,0,0,0,1,0,0,0,0,0,5.0,7,40,17,25,8,40,2,2,,,,,,1,0,0,0,0,20,1,1,1,1,1,1,1,1,1,1,1,1,1,1,1,1,1,0,0,1,0,2,5,1,1,0,0,0,0,0,1,0,1,2,2,2,2,0,1,1,1,1,0,1,0,1,0,0,0,,,,,,,,1,0,1,0,0,0,3,2,3,3,3,3,,,,,,,,,,,,,,,,2,2012,2,1967,1,7,2,1,1999,2,,1,,16,3,8,0,1,1,0,0,0,1,1,0,0,1,1,1,0,1,0,1,0,1
95,24,4,1,2005,1,4,2,2,1,150,3,,,2,3,2,2,1,2,1,2,1,1,42,55,2,55,2,15000,1600,3,,,70,30,,,,1,2010,1,2,1,1,0,1,1,1,1,2,4,160,6,260,6,245,15.0,80.0,5.0,2,2,,2,2,2,10,7,6,10,7,6,1,1,1,1,1,1,0,2,4,0,8,10,0,17,,4,2,3,2,4,42,10,42,0,3,3,15.8,1,1,1,23,14,5,,,5,5,37,37,0,0,4,0,22,14,2,,4200,3500,1,4,1,2,0,0,0,0,1,1,10,1,2,2,0,0,0,350,0,60,140,0,0,0,1,1,0,0,0,0,0,0,0,1,0,1,0,0,0,0,0,0,0,1,0,5.0,8,30,17,30,7,40,2,,,,,,,1,0,0,0,0,30,3,2,2,1,1,1,1,2,1,1,1,1,1,1,1,1,1,0,0,1,0,2,,1,1,0,0,0,0,0,0,1,2,2,1,1,1,0,1,1,0,1,0,0,0,1,1,0,0,0,0,0,1,1,0,0,0,1,0,1,0,0,3,2,2,2,2,2,32,204,,13,20,,14,28,,5,138,,,,,1,2010,2,1956,1,5,1,1,1995,2,,1,18,38,5,20,0,1,0,0,0,1,1,0,1,0,1,0,0,1,1,0,1,0,1
96,24,1,,,2,5,1,2,1,200,3,0,,2,2,2,2,1,2,1,2,1,1,28,50,4,120,2,,1390,4,0,0,100,0,0,0,0,1,2012,1,3,1,0,0,1,1,1,0,2,9,441,9,407,8,396,100.0,0.0,0.0,2,9,9,9,2,2,7,8,10,99,99,99,9,9,9,9,9,9,0,0,1,,9,3,,5,0,1,2,3,2,4,120,25,100,30,2,21,11.7,2,2,2,30,40,50,0,0,10,10,109,109,1,1,30,,18,58,14,,60000,60000,2,4,1,2,0,0,0,0,1,1,12,2,,1,0,0,0,0,0,,1540,0,,,,,,,,,,,,1,0,1,0,0,0,0,0,0,0,0,1,5.0,8,30,17,0,7,45,2,2,,,,,,1,0,0,0,0,10,1,1,1,1,3,1,1,1,1,1,1,1,1,1,1,1,1,0,0,1,0,2,,1,1,0,0,0,0,0,0,1,,2,1,1,1,0,1,1,1,1,0,0,1,1,1,0,0,0,0,0,1,1,0,0,0,0,0,1,0,0,3,4,3,3,2,2,,,9,,,9,,,9,,,9,,,9,3,2008,2,1974,3,5,1,1,2000,2,,1,18,14,14,7,0,1,0,0,0,1,1,1,1,0,0,0,0,1,1,1,1,0,1
,25,1,,,1,2,1,1,2,,1,76,,3,2,3,3,1,1,3,2,1,1,5,35,4,30,2,9802,750,1,0,0,100,0,0,0,0,2,,3,7,0,0,0,1,0,0,0,2,1,30,2,57,2,60,,1.0,0.0,3,3,3,3,3,3,9,7,10,9,,,2,2,2,2,2,2,,3,,,,,,,,,2,,,2,36,23,36,0,2,0,5.0,3,3,3,0,2,34,0,0,15,15,21,21,0,0,0,0,17,14,5,0,50000,45000,2,3,1,1,,,,,,1,20,1,1,1,0,0,0,0,0,0,0,0,0,,,,,,,,,,,1,0,1,0,0,0,1,0,1,0,0,0,5.0,6,30,17,0,10,40,1,1,18,10,20,30,1,1,0,0,0,0,50,2,3,2,2,2,1,1,2,1,1,1,1,1,1,1,1,,0,0,1,0,2,4,1,1,1,0,0,0,0,1,1,1,1,1,1,1,0,1,1,1,0,0,0,1,1,1,1,0,0,0,0,1,1,1,0,1,0,0,0,0,0,2,3,2,4,1,3,67,1,,16,,,20,,,21,1,,10,,,3,2000,1,1967,1,5,1,1,1987,2,,1,14,28,21,14,0,1,0,0,1,0,0,0,1,1,1,0,0,1,1,1,1,0,1
,25,1,,,2,4,2,2,1,180,2,49,7,3,3,3,2,2,3,3,2,1,1,18,45,4,45,2,20800,800,1,0,0,100,0,0,0,0,2,,4,7,1,0,0,0,0,0,0,2,3,145,4,160,3,112,100.0,0.0,0.0,2,9,9,9,3,3,9,10,7,99,99,99,9,9,9,9,9,9,0,3,2,0,7,4,1,0,0,4,4,3,3,4,34,20,34,0,1,2,12.3,1,1,1,11,8,15,0,0,8,2,26,3,0,0,1,2,15,13,3,0,52000,31000,1,3,1,2,0,0,0,0,1,1,58,1,6,1,0,0,85,0,0,30,0,0,0,1,0,0,0,0,0,0,0,0,0,1,1,1,0,0,0,0,0,0,0,0,1,5.0,7,0,17,30,7,40,1,1,18,30,20,40,1,1,0,0,0,0,40,2,2,1,1,1,3,1,1,1,1,1,1,1,1,3,1,1,0,0,1,0,2,,1,1,0,0,0,0,0,0,1,1,2,1,2,1,0,1,1,1,2,0,1,1,1,1,0,0,0,0,1,1,1,0,0,1,0,0,1,0,0,3,2,2,2,2,3,168,,9,48,,9,56,,9,32,,9,32,,9,1,2005,1,1970,1,5,1,1,1990,2,,1,7,25,18,18,0,1,0,0,1,0,1,1,1,1,1,0,0,1,1,0,1,0,1
,25,1,,,1,4,1,2,2,,2,48,8,2,1,1,2,1,1,1,1,1,1,27,45,1,0,2,33530,600,1,20,20,60,0,0,0,0,2,,5,7,1,0,0,0,0,0,0,2,2,115,3,137,2,111,95.0,4.0,1.0,2,3,3,3,3,3,9,10,8,9,10,8,2,3,2,2,3,2,0,2,5,0,1,4,0,1,5,3,3,3,1,3,47,21,47,0,5,4,20.0,1,1,1,15,17,15,0,17,20,,10,,0,,4,20,7,15,1,0,3500,25000,2,3,1,1,0,0,1,0,0,1,30,1,2,2,0,0,120,0,0,30,0,0,,1,0,0,0,0,0,0,0,0,0,1,1,0,0,0,0,1,1,0,0,0,0,5.0,6,40,20,40,12,40,1,,,,,,,1,0,0,0,0,90,2,2,1,2,2,3,2,2,2,2,1,2,2,2,1,1,1,0,0,1,0,2,,1,0,0,0,0,0,0,1,1,1,2,2,2,1,0,1,1,1,2,0,0,1,1,1,0,0,0,0,0,1,1,1,0,1,0,1,1,0,0,2,3,2,2,2,2,89,1,,30,1,,45,,,,,,,,,2,2011,1,1975,1,5,1,1,1994,2,,1,,20,3,15,0,1,1,1,1,1,0,1,1,0,1,1,0,0,1,0,1,0,1
100,25,1,,,1,3,1,2,2,,2,10,20,3,2,3,3,1,1,3,2,1,1,13,40,1,40,2,26890,400,1,0,0,100,0,0,0,0,2,,5,7,1,0,0,1,1,0,0,2,2,60,2,70,1,31,90.0,10.0,0.0,2,3,3,2,2,2,9,7,10,9,,,2,2,2,2,2,2,3,3,1,1,2,,,2,2,4,4,2,1,3,18,12,18,0,0,2,10.0,2,2,2,10,5,3,0,0,5,,13,,0,,5,3,6,3,1,0,3400,2800,1,3,1,2,0,0,0,0,1,1,7,1,1,2,0,0,159,0,0,40,1000,0,,1,0,0,0,0,0,0,0,0,0,1,1,1,0,0,0,1,1,1,0,0,0,5.0,8,0,17,40,10,40,1,1,18,30,20,10,1,1,0,0,0,0,15,3,3,2,2,2,4,2,1,1,1,1,1,1,2,3,1,1,0,0,1,0,2,4,1,0,0,0,0,0,0,0,1,2,2,2,1,1,1,0,0,0,0,0,1,1,1,1,0,0,0,0,0,1,1,0,0,1,0,1,1,0,0,2,1,1,3,2,2,51,,,6,,,30,,,14,,,1,,,1,2014,1,1978,1,5,1,1,2002,2,,1,17,17,1,8,1,0,0,0,0,1,1,1,1,0,1,1,0,0,1,1,1,0,1
101,26,1,,,1,4,1,2,1,400,2,124,8,2,2,2,2,2,1,2,3,1,1,50,56,4,50,2,40000,700,1,,,,0,0,0,0,2,,1,4,1,0,0,1,1,0,0,2,21,1440,17,1165,12,865,,2.0,0.0,3,4,3,5,4,4,6,2,10,7,1,4,2,2,3,2,3,2,0,47,58,0,34,49,0,19,18,2,3,4,3,4,168,89,168,0,1,29,20.0,2,2,2,23,58,87,0,0,58,58,110,110,0,0,2,14,51,69,32,0,54000,45000,2,3,1,1,0,1,1,0,0,1,,1,1,1,0,0,0,0,0,40,0,0,,0,0,0,0,0,0,0,0,0,1,1,1,1,0,0,0,1,1,1,0,0,0,5.0,8,0,16,40,7,45,1,1,19,0,20,30,1,1,0,0,0,0,75,3,2,1,1,2,2,1,1,2,1,1,1,1,1,3,2,1,0,1,1,0,2,5,1,1,0,0,0,0,0,0,1,1,2,2,2,2,0,1,1,1,0,0,0,0,1,1,1,0,0,0,0,1,1,1,0,1,0,0,1,0,0,3,2,3,3,2,3,604,26,,240,6,,160,9,,178,11,,0,0,,2,16,1,1970,1,5,1,1,1993,2,,1,27,27,9,16,0,1,0,0,0,0,1,1,0,0,1,0,1,0,1,0,1,0,1
102,26,3,,,1,5,1,2,1,200,1,364,8,3,3,3,3,2,1,3,3,1,1,60,60,3,120,2,125000,280,4,4,0,0,96,0,0,0,2,,2,2,1,0,0,1,1,0,0,2,6,376,10,673,14,784,,2.0,1.0,2,3,3,4,3,3,7,8,6,7,4,9,2,3,2,2,2,2,0,26,127,3,44,168,0,15,12,4,3,2,3,4,96,82,90,0,0,4,19.0,1,1,1,4,27,65,0,0,49,49,47,35,0,0,4,25,48,13,6,0,70000,62000,1,4,1,1,0,0,0,0,1,1,12,1,2,2,200,0,120,240,0,80,1750,100,100,1,0,0,0,0,0,0,0,0,0,1,1,1,0,0,0,1,1,0,0,0,0,5.5,8,0,17,35,7,45,1,1,19,20,21,5,1,1,0,0,0,0,60,2,4,2,1,2,1,2,3,4,2,1,1,1,1,3,1,1,0,0,1,0,2,5,1,1,1,0,0,0,0,1,0,1,2,1,1,1,0,1,1,1,1,0,0,1,1,1,1,0,0,0,1,1,1,0,0,1,0,0,0,0,0,2,3,2,1,2,3,877,27,,236,18,,532,9,,127,0,,0,0,,2,2006,1,1967,3,5,1,1,1994,2,,1,19,28,12,18,1,1,0,0,0,0,0,1,1,0,1,0,1,0,1,0,1,1,1
103,26,1,,,2,4,2,2,1,200,2,62,8,2,2,1,1,1,1,2,2,1,1,26,60,4,0,2,17000,700,4,,,,,,,,2,,4,7,1,0,0,1,1,0,0,2,6,349,7,352,6,352,100.0,0.0,0.0,2,9,9,9,2,2,9,8,7,99,99,99,9,9,9,9,9,9,0,5,6,0,8,5,0,0,3,3,4,2,2,4,63,40,62,0,0,20,16.793650793650794,1,1,1,34,15,14,0,0,27,26,36,36,0,0,11,0,36,10,6,0,45000,38000,1,3,1,1,0,0,0,0,1,1,5,1,1,1,0,0,0,210,0,40,640,0,15,1,0,0,0,0,0,0,0,0,0,1,1,1,0,0,0,0,0,0,0,0,1,5.0,8,0,16,40,8,45,1,1,19,0,20,40,1,1,0,0,0,0,30,2,3,1,1,1,4,1,1,1,1,1,1,1,1,3,1,1,0,0,1,0,2,,1,0,0,0,1,1,0,0,0,1,2,1,1,2,0,1,1,1,2,0,0,1,1,1,1,0,0,0,0,1,1,1,0,1,0,0,1,0,0,2,2,1,2,1,3,,,9,,,9,,,9,,,9,,,9,1,2012,1,1976,1,5,1,1,2001,2,,1,16,19,19,5,,,,,,,,,,,,,,,,,,,
104,26,1,,,2,4,1,2,1,250,2,,8,2,2,1,2,1,2,2,2,1,1,60,60,4,230,2,60000,700,1,,,,,,,,2,,3,8,1,0,0,0,1,1,1,3,20,,20,,16,,,,,,,,,,,,,,,,,,,,,,,,,,,,,,,,,,,,,163,100,163,0,0,0,23.0,1,1,3,5,38,120,,,85,85,78,78,,,0,0,76,76,11,0,70000,50000,2,4,1,1,0,0,0,0,1,1,2,1,1,1,0,15,0,190,0,80,,0,,,,,,,,,,,,,,,,,,,,,,,,5.0,8,0,16,5,7,45,1,1,19,0,20,40,1,1,0,0,0,0,10,2,1,1,1,4,1,2,2,1,1,1,1,1,1,3,2,,,,,,2,5,1,0,0,0,0,1,0,0,0,2,2,1,1,1,0,1,1,0,0,0,0,0,1,1,1,0,0,0,0,1,1,1,0,1,0,0,1,0,0,2,4,1,2,2,2,543,0,,142,0,,164,0,,204,0,,33,0,,1,2011,1,1966,1,4,1,1,1986,2,,1,20,30,4,23,,,,,,,,,,,,,,,,,,,
105,27,1,,,2,5,1,2,1,400,2,320,8,2,2,2,2,1,2,2,2,2,1,80,70,3,270,2,140000,800,3,90,0,10,0,0,0,0,2,,1,1,1,0,0,1,1,1,0,2,7,460,7,448,7,396,100.0,0.0,0.0,2,9,9,9,3,3,6,4,7,99,99,99,9,9,9,9,9,9,0,8,0,0,9,0,0,4,0,3,3,3,3,3,79,33,79,0,1,9,16.0,2,2,2,14,16,49,0,0,0,,74,,5,,3,0,39,14,23,0,3600,2500,2,4,1,,0,0,0,0,1,1,8,1,12,2,0,0,0,0,0,0,0,0,0,1,0,0,0,0,0,0,0,0,0,1,1,0,0,0,0,1,1,0,0,0,0,5.0,8,0,17,35,7,40,2,,,,,,,1,0,0,0,0,60,3,1,3,1,1,1,1,1,1,1,1,1,1,1,3,2,,,,,,2,,1,1,0,0,0,1,0,0,0,1,2,1,1,1,0,1,1,1,1,0,0,1,1,1,1,0,0,0,1,1,1,1,0,0,0,0,1,0,0,4,4,4,4,4,4,,,9,,,9,,,9,,,9,,,9,1,,1,1964,1,5,2,1,1996,1,10,1,16,35,3,30,0,1,0,0,1,0,0,1,1,0,0,0,0,0,1,1,1,1,1
106,27,1,,,1,5,1,2,1,200,1,234,11,3,2,2,3,2,2,2,2,1,1,56,64,4,136,2,40000,2400,2,10,10,80,0,0,0,0,2,,2,2,1,0,0,1,1,0,0,2,7,406,6,360,6,340,95.0,5.0,0.0,2,3,3,3,3,3,9,6,2,7,6,2,1,1,1,1,1,1,0,0,0,0,0,10,0,0,10,2,4,3,4,4,68,30,68,0,0,0,16.0,2,2,2,5,10,53,68,0,2,2,66,66,0,0,0,0,36,15,17,0,4000,3200,2,4,1,1,0,0,0,0,1,1,7,1,3,2,0,0,0,0,0,0,0,0,0,0,0,0,0,0,0,0,0,0,1,1,1,1,0,0,0,1,1,1,0,0,0,5.0,7,0,21,50,9,40,1,1,19,30,21,50,1,1,0,0,0,0,20,2,2,1,1,3,1,1,2,2,1,1,1,1,1,1,1,3,0,0,1,0,2,,1,1,0,0,0,1,0,0,0,2,2,1,1,1,0,1,1,1,1,0,0,0,1,1,0,0,0,0,0,1,1,0,0,0,0,0,1,0,0,2,2,1,2,3,3,293,20,,53,10,,233,10,,60,0,,0,0,,1,2012,1,1968,1,6,1,1,1990,2,,1,22,25,2,14,0,1,0,0,0,1,1,1,1,1,1,1,1,1,1,1,1,0,1
107,27,1,,,2,5,2,2,1,400,1,115,12,3,3,1,3,1,2,3,3,1,1,26,52,4,106,2,40000,700,1,97,0,0,0,3,0,0,2,,5,7,0,0,0,1,1,0,0,2,8,415,8,424,10,499,,1.0,1.0,2,2,3,2,3,3,9,10,8,9,10,6,2,1,2,2,2,2,0,9,1,9,3,6,0,2,1,4,4,3,3,4,91,43,91,0,0,4,14.7,1,1,2,29,20,42,0,0,2,2,89,89,0,0,0,2,59,21,9,0,50400,33600,2,4,1,1,0,0,0,0,1,1,80,1,4,1,0,0,0,0,0,0,0,0,0,1,0,0,0,0,0,0,0,0,0,1,1,1,0,0,0,1,1,1,0,0,0,5.0,7,45,22,15,7,45,1,1,18,45,22,15,1,1,0,0,0,0,35,3,2,1,1,2,2,1,1,2,1,1,1,2,1,4,1,1,0,0,1,0,2,,1,1,0,0,0,0,0,0,1,,2,1,1,1,0,1,1,1,2,0,0,0,1,1,1,0,0,0,0,1,1,1,0,0,0,0,0,1,0,2,3,1,3,2,1,548,0,,53,0,,248,0,,238,0,,62,0,,1,2013,1,1979,1,5,1,1,1998,2,,1,14,16,16,10,0,0,0,0,0,1,1,1,0,0,1,0,1,0,1,1,1,0,0
108,27,1,,,2,4,1,2,2,,1,44,19,2,2,2,2,1,1,3,2,1,1,16,60,3,70,2,36000,800,4,97,0,2,0,1,0,0,2,,5,7,1,0,0,0,1,0,0,2,5,289,5,283,5,269,100.0,0.0,0.0,2,9,9,9,2,2,9,7,8,99,99,99,9,9,9,9,9,9,0,0,2,2,1,3,7,0,0,4,4,2,3,4,49,27,49,0,2,3,16.8,3,3,3,3,7,39,0,0,11,11,38,38,0,0,3,2,22,19,3,0,40000,35000,2,3,2,1,0,0,1,0,0,1,6,1,1,2,0,0,80,0,0,80,0,0,0,1,0,0,0,0,0,0,0,0,0,1,1,1,0,0,0,0,0,0,0,0,1,5.0,7,0,17,30,7,45,1,1,19,0,21,30,1,1,0,0,0,0,15,1,3,1,1,2,4,2,1,2,1,1,1,2,1,3,2,1,0,0,1,0,2,4,1,1,0,1,0,0,0,1,0,1,2,1,2,2,0,1,1,1,1,0,0,1,1,1,1,0,0,0,1,1,1,1,0,0,0,1,1,0,0,2,2,1,3,2,1,249,,9,32,,9,83,,9,123,,9,0,,9,1,,1,1978,1,5,1,1,1998,2,,1,13,16,3,7,0,1,0,0,0,1,1,1,1,0,1,1,1,0,1,0,1,0,1
109,28,1,,,1,4,2,2,1,200,3,0,0,3,3,3,2,3,3,1,2,1,1,45,60,4,268,2,60000,360,1,5,95,0,0,0,0,0,2,,1,2,1,1,0,1,1,1,0,2,7,350,7,350,7,350,18.0,79.0,3.0,2,2,2,2,3,3,6,7,10,7,8,10,1,1,1,1,1,1,1,6,1,1,2,0,0,0,2,2,4,4,4,4,75,13,75,2,0,1,15.0,1,1,1,6,14,55,0,0,5,5,69,69,1,1,0,2,16,36,18,0,54000,36000,1,4,1,1,0,0,0,0,1,1,7,1,1,2,0,219,0,160,0,0,0,0,,0,0,0,0,0,0,0,0,0,1,1,0,0,0,0,0,1,0,0,0,0,0,5.0,7,30,17,50,8,40,2,,,,,,,1,0,0,0,0,10,2,2,1,1,2,1,2,4,4,2,1,2,1,2,1,1,1,0,0,1,0,2,,1,1,0,0,0,0,0,0,1,1,2,1,1,1,0,1,1,0,1,0,1,1,1,1,0,0,0,0,0,1,1,1,0,1,1,1,0,0,0,3,2,3,3,3,4,350,280,,170,136,,120,96,,60,48,,0,0,,2,,1,1971,1,6,1,1,1995,2,,1,18,20,2,10,1,1,1,1,1,1,1,1,1,0,0,1,0,0,1,0,1,0,0
110,28,1,,,2,4,1,2,1,200,3,0,0,3,3,3,3,3,3,1,3,1,1,43,40,4,175,2,51000,560,1,0,100,0,0,0,0,0,2,,1,2,1,0,0,1,1,1,0,3,12,555,11,514,11,560,20.0,52.0,28.0,2,3,3,3,2,3,6,7,2,7,8,6,2,1,2,1,2,2,0,7,0,0,12,4,0,13,12,4,4,4,4,4,130,39,130,0,2,9,8.01,1,1,1,20,17,93,0,0,2,2,118,118,10,10,9,0,17,68,36,0,61000,49000,1,4,1,1,0,0,0,0,1,1,,1,,1,0,151,0,0,0,0,0,0,0,1,0,0,0,0,0,0,0,0,0,0,0,0,1,0,0,0,0,0,1,0,0,5.0,7,30,17,40,8,45,2,2,,,,,,0,0,0,1,0,5,2,2,1,1,2,1,3,3,2,2,2,1,2,1,2,1,1,1,0,0,0,2,,1,1,0,0,0,0,0,0,1,1,2,1,1,1,0,1,1,0,1,0,0,1,1,1,0,0,0,0,0,1,1,0,0,0,1,0,0,0,0,3,3,3,4,3,3,330,235,,73,107,,104,185,,30,48,,42,14,,1,,1,1963,1,4,1,1,,2,,1,20,31,2,14,0,0,1,1,0,0,0,1,1,0,0,1,0,1,1,1,1,1,1
111,28,1,,,2,5,2,2,2,,3,0,0,2,2,2,2,1,2,1,2,1,1,30,60,4,128,2,50032,600,4,0,0,100,0,0,0,0,2,,1,2,1,0,0,1,1,1,0,2,10,600,10,600,10,600,90.0,9.0,1.0,2,2,2,2,4,4,6,2,1,7,2,1,2,2,2,1,1,1,0,0,0,0,0,0,0,1,0,1,4,4,3,4,123,28,121,2,1,0,12.5,2,2,2,9,16,98,0,0,10,10,107,107,6,6,6,4,42,39,30,0,45000,36000,2,4,1,1,0,0,0,0,1,1,4,2,,2,0,60,0,150,0,0,0,0,0,0,0,1,0,1,0,0,0,0,0,0,0,0,0,1,0,0,0,0,0,1,0,5.0,7,30,17,50,9,40,2,,,,,,,1,0,0,0,0,10,1,2,1,1,4,1,1,1,1,1,1,1,1,1,3,2,1,0,0,1,0,2,5,1,0,0,0,0,0,0,0,1,2,2,2,2,1,0,1,1,1,1,0,0,1,1,1,0,0,0,0,0,1,1,1,0,0,0,0,0,0,1,3,2,2,3,2,2,540,9,,289,4,,241,5,,10,0,,0,0,,2,2013,1,1975,1,5,1,1,1997,2,,1,16,17,14,1,0,1,0,0,0,0,1,1,1,1,1,1,1,1,1,1,1,0,1
112,28,1,,,1,5,1,2,1,200,3,0,0,2,3,2,2,1,2,1,2,1,1,27,65,4,140,2,46300,360,1,11,89,0,0,0,0,0,2,,1,3,1,1,1,1,1,1,0,2,9,563,6,425,6,450,,2.0,0.0,1,3,3,2,3,3,2,6,4,6,1,7,1,2,1,2,2,3,0,1,0,0,2,0,0,1,0,2,4,3,4,4,62,26,62,5,0,0,23.0,2,2,1,5,13,44,0,0,4,4,53,53,5,5,5,0,3,20,34,0,4000,3500,2,4,1,1,0,0,0,0,1,1,5,1,1,1,0,142,0,135,0,0,0,0,0,1,0,0,0,0,0,0,0,0,0,0,0,1,0,0,0,0,0,1,0,0,0,5.0,7,10,18,5,9,45,2,,,,,,,1,0,0,0,0,30,3,1,1,2,4,1,2,2,2,1,1,1,1,1,3,2,,,,,,2,,1,1,0,0,0,0,0,1,0,2,2,1,2,1,0,1,0,0,1,0,0,1,1,1,0,0,0,0,0,1,1,1,0,1,0,0,0,1,0,2,2,2,1,1,3,396,6,,90,0,,283,3,,23,3,,0,0,,1,2013,1,1966,3,4,1,1,1994,2,,1,30,31,14,10,1,1,0,1,1,1,0,0,1,1,1,0,0,1,1,1,1,1,1
